t,x,y,theta,state,front_min,dist_goal,clearance,v,omega
0.0,0.5,0.5,0.0,RUN,1.0,12.020815280171307,4.0149629168123395,0.58,2.0
0.05,0.5289516908275802,0.5014487920693725,0.10000000000000009,RUN,1.6,11.99933465197767,4.0018329475155,0.58,1.5207886273289875
0.1,0.5576689924852677,0.5054377069721292,0.1760394313664495,RUN,2.2,11.976249053463093,3.9866202902828887,0.58,1.381953941283679
0.15000000000000002,0.5860226863655561,0.5114985224532115,0.2451371284306334,RUN,2.2,11.951973542836727,3.9697867623859144,0.58,1.2261301363426722
0.2,0.6139224145538416,0.5193942043532274,0.3064436352477671,RUN,2.2,11.926733497914679,3.9515686512753456,0.58,1.0911749199865288
0.25,0.6413190681992883,0.528892350261831,0.3610023812470935,RUN,2.2,11.90072316008995,3.932183153179974,0.58,0.9707237655444053
0.3,0.6681906381514159,0.5397897647096871,0.4095385695243139,RUN,2.2,11.874098048588731,3.905463594891084,0.58,0.8636251312732656
0.35,0.6945349300647341,0.5519078343933643,0.45271982608797723,RUN,2.2,11.846983213734163,3.8764660547049434,0.58,0.7683492128815944
0.39999999999999997,0.7203634448540763,0.5650905652479246,0.4911372867320569,RUN,2.2,11.819478781138288,3.8474968434088783,0.58,0.6835935815602612
0.44999999999999996,0.7456968614101451,0.5792021255407641,0.5253169658100703,RUN,2.2,11.791664731759953,3.8185943530109654,0.58,0.6081941480339654
0.49999999999999994,0.7705616713856439,0.5941244717804219,0.5557266732117685,RUN,2.2,11.763604830169527,3.7897848883353857,0.58,0.5411167512191429
0.5499999999999999,0.7949877129879563,0.6097551208586958,0.5827825107727258,RUN,2.2,11.735349835517283,3.761085620565188,0.58,0.48144180440077244
0.6,0.8190063884621883,0.6260051245009176,0.6068546009927642,RUN,2.2,11.706940106061335,3.7325068914207247,0.58,0.4283515910921562
0.65,0.8426493986179157,0.6427972632316357,0.6282721805473721,RUN,2.2,11.678407700423774,3.7040540000832882,0.58,0.3811189049387492
0.7000000000000001,0.8659478651807386,0.6600644577586818,0.6473281257943095,RUN,2.2,11.649778065727165,3.675728581020029,0.58,0.33909698516747794
0.7500000000000001,0.8889317417908487,0.677748384628152,0.6642829750526835,RUN,2.2,11.621071389458347,3.6475296601104397,0.58,0.30171058325671335
0.8000000000000002,0.9116294380060219,0.6957982776349529,0.6793685042155193,RUN,2.2,11.592303679332309,3.619454459037385,0.58,0.26844803118718863
0.8500000000000002,0.9340675989414962,0.7141698945380932,0.6927909057748787,RUN,2.2,11.563487624199901,3.5914990035444507,0.58,0.2388541961524988
0.9000000000000002,0.9562709972580428,0.7328246287194309,0.7047336155825037,RUN,2.2,11.53463327934877,3.563658579501219,0.58,0.21252422076406105
0.9500000000000003,0.9782625049933509,0.7517287466306879,0.7153598266207069,RUN,2.2,11.505748611366151,3.5359280713478842,0.58,0.18909795981347224
1.0000000000000002,1.0000631209544524,0.770852733626838,0.7248147246113805,RUN,2.2,11.476839930937865,3.508302210017721,0.58,0.168255035116024
1.0500000000000003,1.0216920356356456,0.7901707327369967,0.7332274763671816,RUN,2.2,11.447912236379517,3.480775751510447,0.58,0.14971043907718892
1.1000000000000003,1.0431667203568955,0.8096600628729478,0.7407129983210412,RUN,2.2,11.4189694861548,3.4533436026117164,0.58,0.13321062560372157
1.1500000000000004,1.0645030308894643,0.8293008048084785,0.7473735296012274,RUN,2.2,11.390014814962527,3.426000906573969,0.58,0.11853003398652111
1.2000000000000004,1.0857153185242274,0.8490754449249613,0.7533000313005536,RUN,2.2,11.361050705017,3.3987430986869693,0.58,0.10546799754806727
1.2500000000000004,1.1068165435554955,0.8689685681903492,0.7585734311779571,RUN,2.2,11.33207912177486,3.371565939406991,0.58,0.09384599428537661
1.3000000000000005,1.127818387660961,0.8889665931202941,0.7632657308922259,RUN,2.2,11.303101621465123,3.3444655309490763,0.58,0.08350520154375934
1.3500000000000005,1.1487313627801607,0.9090575425731187,0.7674409909694138,RUN,2.2,11.274119436265734,3.317438321871288,0.58,0.07430432100685987
1.4000000000000006,1.1695649149235017,0.9292308451719196,0.7711562070197568,RUN,2.2,11.245133541764694,3.290481103109764,0.58,0.06611764405267871
1.4500000000000006,1.190327521953039,0.9494771629459384,0.774462089222391,RUN,2.2,11.216144710384809,3.2635909980924485,0.58,0.05883333086206201
1.5000000000000007,1.2110267848190084,0.9697882414585735,0.7774037557654943,RUN,2.2,11.187153553689335,3.236765448915482,0.58,0.052351879625741546
1.5500000000000007,1.2316695120540055,0.9901567792584434,0.7800213497467814,RUN,2.2,11.158160555880647,3.2100022000685655,0.58,0.046584764823101074
1.6000000000000008,1.25226179755085,1.0105763139688584,0.7823505879879367,RUN,2.2,11.129166100324202,3.1832992808119167,0.58,0.0414532258784248
1.6500000000000008,1.2728090918044028,1.0310411227337912,0.7844232492818577,RUN,2.2,11.10017049054926,3.1566549870126295,0.58,0.03688718957230485
1.7000000000000008,1.2933162668999127,1.0515461350771744,0.7862676087604727,RUN,2.2,11.071173966876145,3.1300678630225596,0.58,0.03282431142688269
1.7500000000000009,1.3137876755944724,1.0720868565173944,0.7879088243318169,RUN,2.2,11.042176719580596,3.103536684007876,0.58,0.029209122919857663
1.800000000000001,1.3342272048741055,1.0926593015189994,0.7893692804778096,RUN,2.2,11.01317889931632,3.0770604390101832,0.58,0.025992272836380746
1.850000000000001,1.3546383243848457,1.1132599345662602,0.7906688941196287,RUN,2.2,10.984180625366772,3.0506383149209766,0.58,0.023129852361025147
1.900000000000001,1.37502413013749,1.133885618314462,0.7918253867376799,RUN,2.2,10.955181992178204,3.0242696814781587,0.58,0.020582794661621544
1.950000000000001,1.3953873838771038,1.1545335679198985,0.7928545264707609,RUN,2.2,10.926183074532075,2.9979540773393225,0.58,0.01831634073890583
2.000000000000001,1.4157305484931193,1.1752013107726,0.7937703435077061,RUN,2.2,10.897183931640106,2.971691197247223,0.58,0.0162995642251023
2.0500000000000007,1.436055819825981,1.1958866509606807,0.7945853217189613,RUN,2.2,10.868184610386507,2.9454808802750563,0.58,0.014504948622880324
2.1000000000000005,1.4563651552044874,1.216587637884512,0.7953105691501055,RUN,2.2,10.839185147894892,2.9193230991194126,0.58,0.012908011195272219
2.1500000000000004,1.4766602990242532,1.23730253851528,0.795955969709869,RUN,2.2,10.810185573560666,2.8932179503961297,0.58,0.01148696835658962
2.2,1.4969428056542569,1.2580298128581617,0.7965303181276986,RUN,2.2,10.781185910660128,2.8671656458858905,0.58,0.010222437983129615
2.25,1.5172140599350286,1.2787680922365254,0.7970414400268551,RUN,2.2,10.752186177624475,2.8411665046720103,0.58,0.009097174568512174
2.3,1.5374752955095659,1.299516160062062,0.7974962987552807,RUN,2.2,10.723186389048516,2.8152209461109274,0.58,0.008095833598420778
2.3499999999999996,1.5577276112065874,1.3202729347976643,0.797901090435202,RUN,2.2,10.694186556489376,2.7893294835759637,0.58,0.0072047619198791725
2.3999999999999995,1.5779719856755534,1.3410374548562913,0.7982613285311961,RUN,2.2,10.66518668909884,2.763492718916284,0.58,0.0064118112361300555
2.4499999999999993,1.5982092904542853,1.361808865210179,0.7985819190930026,RUN,2.2,10.636186794124061,2.7377113375751616,0.58,0.0057061721751881294
2.499999999999999,1.6184403016323188,1.3825864055123844,0.7988672277017619,RUN,2.2,10.607186877304025,2.7119861043147537,0.58,0.0050782266615881505
2.549999999999999,1.6386657102573423,1.4033693995563539,0.7991211390348414,RUN,2.2,10.578186943183498,2.686317859497655,0.58,0.004519416571666652
2.5999999999999988,1.6588861316174501,1.4241572459200569,0.7993471098634246,RUN,2.2,10.549186995361499,2.660707515878835,0.58,0.004022126875662771
2.6499999999999986,1.6791021135181978,1.4449494096591877,0.7995482162072078,RUN,2.2,10.520187036688215,2.635156055865476,0.58,0.003579581668131969
2.6999999999999984,1.6993141436617663,1.4657454149301543,0.7997271952906146,RUN,2.2,10.491187069420844,2.60966452920509,0.58,0.003185751664752059
2.7499999999999982,1.7195226562241714,1.486544838437439,0.7998864828738523,RUN,2.2,10.46218709534695,2.5842340510659687,0.58,0.0028352719003826455
2.799999999999998,1.7397280377166453,1.5073473036119367,0.8000282464688713,RUN,2.2,10.433187115882141,2.5588658004771387,0.58,0.0025233685030639267
2.849999999999998,1.759930632208068,1.5281524754377358,0.8001544148940245,RUN,2.2,10.404187132147628,2.533561019098154,0.58,0.002245793542660684
2.8999999999999977,1.7801307459778002,1.5489600558546783,0.8002667045711576,RUN,2.2,10.37518714503137,2.5083210102912394,0.58,0.001998767063447064
2.9499999999999975,1.8003286516600383,1.5697697796719297,0.8003666429243301,RUN,2.2,10.346187155236652,2.4831471384719226,0.58,0.0017789255080887859
2.9999999999999973,1.8205245919355377,1.5905814109351297,0.8004555891997347,RUN,2.2,10.31718716332036,2.458040828715461,0.58,0.0015832758283624436
3.049999999999997,1.8407187828187261,1.6113947396966637,0.8005347529911528,RUN,2.2,10.288187169723669,2.4330035666003598,0.58,0.0014091546547916585
3.099999999999997,1.860911416585509,1.6322095791438755,0.8006052107238926,RUN,2.2,10.259187174795983,2.408036898269925,0.58,0.0012541919679604965
3.149999999999997,1.881102664380137,1.6530257630453775,0.8006679203222906,RUN,2.2,10.23018717881401,2.383142430696748,0.58,0.0011162787744779475
3.1999999999999966,1.9012926785360378,1.6738431434800987,0.8007237342610143,RUN,2.2,10.201187181996987,2.358321832135907,0.58,0.0009935383460846414
3.2499999999999964,1.9214815946428416,1.6946615888173824,0.8007734111783185,RUN,2.2,10.172187184518393,2.333576832753235,0.58,0.0008843006293626812
3.2999999999999963,1.9416695333854932,1.7154809819205639,0.8008176262097866,RUN,2.2,10.143187186515862,2.3089092254190318,0.58,0.0007870794755318705
3.349999999999996,1.9618566021830475,1.7363012185488742,0.8008569801835632,RUN,2.2,10.114187188098159,2.284320866654431,0.58,0.0007005523807093396
3.399999999999996,1.9820428966455665,1.757122205936298,0.8008920078025987,RUN,2.2,10.08518718935172,2.259813677724761,0.58,0.0006235424579537107
3.4499999999999957,2.002228501873219,1.7779438615265235,0.8009231849254963,RUN,2.2,10.056187190344955,2.235389645867791,0.58,0.0005550023975546139
3.4999999999999956,2.0224134936109976,1.7987661118489768,0.8009509350453738,RUN,2.2,10.027187191131748,2.2110508256530315,0.58,0.0004940001933051224
3.5499999999999954,2.042597939277016,1.819588891517128,0.800975635055039,RUN,2.2,9.998187191755147,2.186799340464061,0.58,0.0004397064430644457
3.599999999999995,2.06278189887837,1.8404121423386641,0.800997620377192,RUN,2.2,9.969187192248986,2.1626373840971187,0.58,0.0003913830478969899
3.649999999999995,2.0829654258259325,1.8612358125226365,0.801017189529587,RUN,2.2,9.940187192640225,2.138567222472185,0.58,0.00034837315688187833
3.699999999999995,2.1031485676592183,1.8820598559755126,0.8010346081874311,RUN,2.2,9.911187192950017,2.1145911954509256,0.58,0.000310092219002013
3.7499999999999947,2.1233313666921276,1.902884231672715,0.8010501127983813,RUN,2.2,9.882187193195652,2.0907117187567588,0.58,0.0002760200221464177
3.7999999999999945,2.1435138605872908,1.923708903102579,0.8010639137994886,RUN,2.2,9.853187193390182,2.0669312859926228,0.58,0.00024569360743728565
3.8499999999999943,2.1636960828675456,1.9445338377677217,0.8010761984798602,RUN,2.2,9.824187193544574,2.043252470753102,0.58,0.0002187009662398355
3.899999999999994,2.183878063372049,1.9653590067441655,0.8010871335281724,RUN,2.2,9.795187193666909,2.0196779288249562,0.58,0.000194675429968434
3.949999999999994,2.204059828659865,1.9861843842886628,0.8010968672996706,RUN,2.2,9.76618719376353,1.9962104004761116,0.58,0.00017329067766255548
3.999999999999994,2.224241402370808,2.007009947487859,0.8011055318335538,RUN,2.2,9.737187193839896,1.9728527128250997,0.58,0.00015425629481733973
4.049999999999994,2.2444228055474014,2.02783567594588,0.8011132446482945,RUN,2.2,9.708187193900882,1.949607782287598,0.58,0.00013731382107288236
4.099999999999993,2.2646040569197794,2.0486615515110316,0.8011201103393484,RUN,2.2,9.679187193948804,1.9264786170975785,0.58,0.00012223323090471665
4.149999999999993,2.28478517315898,2.06948755802523,0.8011262220008937,RUN,2.2,9.650187193987097,1.9034683198990459,0.58,0.00010880980557021268
4.199999999999993,2.304966169104773,2.090313681107091,0.801131662491172,RUN,2.2,9.621187194017558,1.880580090398561,0.58,9.686134673033203e-05
4.249999999999993,2.325147057967115,2.1111399079545663,0.8011365055585085,RUN,2.2,9.592187194041893,1.857817228078982,0.58,8.622569877844295e-05
4.299999999999993,2.3453278515044076,2.131966227173507,0.8011408168434473,RUN,2.2,9.563187194060788,1.8351831349669376,0.58,7.675854155063119e-05
4.3499999999999925,2.365508560181297,2.152792628620773,0.8011446547705248,RUN,2.2,9.53418719407678,1.8126813184486903,0.58,6.833142836177096e-05
4.399999999999992,2.3856891933173756,2.17361910326872,0.801148071341943,RUN,2.2,9.505187194088094,1.7903153941170957,0.58,6.083004068230187e-05
4.449999999999992,2.405869759203597,2.1944456430810533,0.8011511128439772,RUN,2.2,9.476187194096795,1.7680890886679308,0.58,5.415262984051244e-05
4.499999999999992,2.4260502652223295,2.2152722409027774,0.8011538204754691,RUN,2.2,9.447187194104275,1.7460062428024703,0.58,4.820863856319032e-05
4.549999999999992,2.446230717943763,2.2360988903656107,0.8011562309073974,RUN,2.2,9.418187194112106,1.7240708141552366,0.58,4.291746578766772e-05
4.599999999999992,2.4664111232195864,2.256925585803401,0.8011583767806867,RUN,2.2,9.38918719411758,1.7022868802174662,0.58,3.820737364458673e-05
4.6499999999999915,2.486591486256657,2.2777523221702722,0.801160287149369,RUN,2.2,9.36018719412125,1.6806586412634508,0.58,3.401451144151832e-05
4.699999999999991,2.5067718116897595,2.298579094971501,0.801161987874941,RUN,2.2,9.331187194125926,1.6591904232478625,0.58,3.0282049284880036e-05
4.749999999999991,2.526952103644362,2.319405900214406,0.8011635019774053,RUN,2.2,9.302187194128285,1.6378866806696706,0.58,2.6959401241118903e-05
4.799999999999991,2.5471323657984613,2.3402327343355864,0.8011648499474671,RUN,2.2,9.27318719412808,1.6167519993813146,0.58,2.400154915182387e-05
4.849999999999991,2.567312601418962,2.3610595941645443,0.8011660500249249,RUN,2.2,9.244187194128964,1.595791099347297,0.58,2.136841674371819e-05
4.899999999999991,2.5874928134107904,2.3818864768836647,0.801167118445762,RUN,2.2,9.21518719413304,1.5750088372986408,0.58,1.9024332160810104e-05
4.94999999999999,2.6076730043751013,2.4027133799791045,0.8011680696623702,RUN,2.2,9.186187194135638,1.5544102092662493,0.58,1.6937552916612798e-05
4.99999999999999,2.6278531766110973,2.4235403012207826,0.801168916540016,RUN,2.2,9.157187194138412,1.5340003530354729,0.58,1.5079811748311685e-05
5.04999999999999,2.6480333321815124,2.4443672386150865,0.8011696705306033,RUN,2.2,9.128187194137743,1.5137845503792031,0.58,1.3425962137650461e-05
5.09999999999999,2.668213472905336,2.4651941903903207,0.8011703418287102,RUN,2.2,9.099187194140251,1.493768229178383,0.58,1.1953607506654558e-05
5.14999999999999,2.6883936004160205,2.4860211549676023,0.8011709395090856,RUN,2.2,9.070187194143188,1.4739569652641393,0.58,1.064282299551813e-05
5.1999999999999895,2.7085737161614816,2.5068481309499475,0.8011714716502354,RUN,2.2,9.04118719414228,1.454356484074386,0.58,9.475863544336403e-06
5.249999999999989,2.7287538214295637,2.5276751170822536,0.8011719454434125,RUN,2.2,9.012187194142747,1.4349726620071988,0.58,8.436940935674615e-06
5.299999999999989,2.748933917377144,2.548502112244023,0.8011723672904592,RUN,2.2,8.983187194144275,1.4158115274583778,0.58,7.5120035769457424e-06
5.349999999999989,2.769114005015581,2.5693291154530016,0.8011727428906381,RUN,2.2,8.954187194148526,1.3968792615533514,0.58,6.688528433957283e-06
5.399999999999989,2.789294085261645,2.5901561258215224,0.8011730773170598,RUN,2.2,8.925187194155052,1.3781821984205098,0.58,5.9553865820140154e-06
5.449999999999989,2.809474158930243,2.610983142571058,0.801173375086389,RUN,2.2,8.89618719415591,1.3597268250922367,0.58,5.302659278822318e-06
5.4999999999999885,2.8296542267489713,2.6318101650103927,0.801173640219353,RUN,2.2,8.867187194141206,1.3415197809039319,0.58,4.721520899243239e-06
5.549999999999988,2.849834289343562,2.65263719248469,0.8011738762953979,RUN,2.2,8.838187194145803,1.3235678563926316,0.58,4.204120488706382e-06
5.599999999999988,2.87001434728154,2.6734642244846327,0.8011740865014225,RUN,2.2,8.809187194140558,1.3058779915792498,0.58,3.7434430526114273e-06
5.649999999999988,2.8901944010867737,2.694291260500904,0.801174273673575,RUN,2.2,8.780187194126711,1.2884572736292852,0.58,3.3332854957957954e-06
5.699999999999988,2.910374451195821,2.715118300082395,0.8011744403378498,RUN,2.2,8.751187194124451,1.2713129339128553,0.58,2.96809545923051e-06
5.749999999999988,2.9305544980161358,2.735945342836203,0.8011745887426227,RUN,2.2,8.722187194132422,1.2544523442277633,0.58,2.642943363715418e-06
5.799999999999987,2.9507345419260673,2.756772388413083,0.801174720889791,RUN,2.2,8.693187194138162,1.2378830122929392,0.58,2.3534429012573696e-06
5.849999999999987,2.970914583216654,2.777599436492892,0.8011748385619359,RUN,2.2,8.664187194169063,1.221612576458427,0.58,2.095672135516694e-06
5.899999999999987,2.9910946222080383,2.798426486813696,0.8011749433455426,RUN,2.2,8.63518719419047,1.2056487993566323,0.58,1.8661631445360058e-06
5.949999999999987,3.0112746591330506,2.8192535391426645,0.8011750366536998,RUN,2.2,8.606187194207575,1.1899995608264673,0.58,1.6617987042742776e-06
5.999999999999987,3.0314546941954177,2.8400805933051743,0.8011751197436352,RUN,2.2,8.57718719420402,1.1746728496775058,0.58,1.479804167546859e-06
6.0499999999999865,3.051634727686178,2.8609076490974985,0.8011751937338438,RUN,2.2,8.5481871941236,1.1596767543268727,0.58,1.3177762159146454e-06
6.099999999999986,3.071814759634435,2.881734706228599,0.8011752596226547,RUN,2.2,8.519187194155073,1.1450194527981896,0.58,1.173489718182992e-06
6.149999999999986,3.0919947903603315,2.9025617645820603,0.8011753182971404,RUN,2.2,8.490187194159272,1.1307092007870239,0.58,1.045056549135289e-06
6.199999999999986,3.1121748199220747,2.923388824099675,0.8011753705499678,RUN,2.2,8.461187194137498,1.1167543195537695,0.58,9.306501718471095e-07
6.249999999999986,3.13235484843608,2.9442158846650273,0.8011754170824763,RUN,2.2,8.432187194092347,1.1031631817633618,0.58,8.287637105791041e-07
6.299999999999986,3.152534876135178,2.9650429459870793,0.8011754585206621,RUN,2.2,8.403187194070815,1.0899441963579806,0.58,7.381378884222982e-07
6.349999999999985,3.1727149029029533,2.985870008240454,0.8011754954275565,RUN,2.2,8.374187194028506,1.0771057929312942,0.58,6.572905021278699e-07
6.399999999999985,3.192894928972237,3.0066970710176975,0.8011755282920818,RUN,2.2,8.34518719409602,1.0646564032673522,0.58,5.854350819115341e-07
6.449999999999985,3.2130749544594437,3.0275241346098483,0.8011755575638357,RUN,2.2,8.316187193983335,1.052604443487966,0.58,5.213524792145453e-07
6.499999999999985,3.233254979364574,3.0483511986676604,0.8011755836314598,RUN,2.2,8.287187193941268,1.0409582937429147,0.58,4.6435029966866107e-07
6.549999999999985,3.2534350036876276,3.0691782631911337,0.8011756068489748,RUN,2.2,8.258187193969821,1.0297262773931557,0.58,4.1355247050377365e-07
6.5999999999999845,3.27361502754502,3.090005328413099,0.8011756275265984,RUN,2.2,8.229187193820772,1.0189166387678323,0.58,3.682259190048691e-07
6.649999999999984,3.2937950508203357,3.110832393867895,0.8011756459378945,RUN,2.2,8.200187193909553,1.0085375199989997,0.58,3.2790829523281747e-07
6.699999999999984,3.3139750740956515,3.1316594595555216,0.8011756623333093,RUN,2.2,8.171187193831123,0.998596936536503,0.58,2.921901180701267e-07
6.749999999999984,3.3341550966724753,3.1524865257088095,0.8011756769428153,RUN,2.2,8.14218719390432,0.9891027540098314,0.58,2.6006894139515484e-07
6.799999999999984,3.3543351190164685,3.173313592094928,0.8011756899462625,RUN,2.2,8.113187193972323,0.980062660120816,0.58,2.3162938195826896e-07
6.849999999999984,3.3745151413604617,3.194140658713877,0.8011757015277317,RUN,2.2,8.084187193873113,0.9714841400784764,0.58,2.0637375076011065e-07
6.8999999999999835,3.3946951634716243,3.214967725565657,0.8011757118464193,RUN,2.2,8.055187193768708,0.9633744501744341,0.58,1.838190050843969e-07
6.949999999999983,3.414875185582787,3.235794792417437,0.8011757210373696,RUN,2.2,8.026187193664303,0.9557405900910232,0.58,1.6390045578476834e-07
6.999999999999983,3.4350552069954574,3.2566218595020473,0.8011757292323924,RUN,2.2,7.997187193878738,0.9485892776862745,0.58,1.4584051020910735e-07
7.049999999999983,3.455235228408128,3.277448927052319,0.8011757365244181,RUN,2.2,7.968187193758748,0.9419269201577747,0.58,1.2983835923687836e-07
7.099999999999983,3.47541525028646,3.298275994602591,0.8011757430163362,RUN,2.2,7.939187193314722,0.9357595889012373,0.58,1.1590468076985518e-07
7.149999999999983,3.4955952716991305,3.319103062618524,0.8011757488115703,RUN,2.2,7.910187192860306,0.930092995725597,0.58,1.0305214304446565e-07
7.199999999999982,3.51577529264614,3.339930130634457,0.8011757539641775,RUN,2.2,7.881187192729926,0.9249324651337474,0.58,9.167538570641354e-08
7.249999999999982,3.5359553145244718,3.360757199116051,0.8011757585479469,RUN,2.2,7.852187191617047,0.9202829113265358,0.58,8.185725226448478e-08
7.299999999999982,3.5561353359371424,3.3815842671319842,0.8011757626408094,RUN,2.2,7.8231871911626305,0.9161488179720325,0.58,7.302046338863787e-08
7.349999999999982,3.576315355487168,3.4024113342165947,0.8011757662918324,RUN,2.2,7.7941871926732125,0.9125342160407124,0.58,6.479771622461011e-08
7.399999999999982,3.596495375968516,3.4232384031638503,0.8011757695317181,RUN,2.1982327391035192,7.765187192198017,0.9094426632147536,0.58,5.7355017531789706e-08
7.4499999999999815,3.6166753973811865,3.4440654711797833,0.801175772399469,RUN,2.16923273968615,7.7361871917436,0.9068772269842564,0.58,5.1691011135067784e-08
7.499999999999981,3.6368554178625345,3.4648925391957164,0.8011757749840198,RUN,2.140232740897872,7.7071871919372565,0.9048404744636891,0.58,4.5831880613063976e-08
7.549999999999981,3.6570354383438826,3.485719608142972,0.8011757772756138,RUN,2.1112327414186938,7.678187191462061,0.9033344539126535,0.58,4.051868272303458e-08
7.599999999999981,3.6772154588252306,3.506546676158905,0.8011757793015479,RUN,2.0822327423639013,7.649187191655717,0.902360685524676,0.58,3.636382447378043e-08
7.649999999999981,3.6973954793065786,3.527373746037483,0.8011757811197393,RUN,2.0532327421092145,7.620187190511668,0.9019201580136185,0.58,3.168049918910991e-08
7.699999999999981,3.7175754997879267,3.5482008140534163,0.8011757827037642,RUN,2.024232742848553,7.591187190705325,0.9020133160621766,0.58,2.87397490850522e-08
7.7499999999999805,3.7377555184066296,3.569027880206704,0.8011757841407516,RUN,1.9952327461587642,7.562187193532831,0.902640066276148,0.58,2.563033746228976e-08
7.79999999999998,3.7579355388879776,3.589854948222637,0.8011757854222683,RUN,1.9662327467562237,7.533187193726488,0.9037997726964198,0.58,2.2963745175505393e-08
7.84999999999998,3.7781155556440353,3.610682014375925,0.8011757865704556,RUN,1.9372327514754653,7.50418719785014,0.905491262301559,0.58,1.9749817831018426e-08
7.89999999999998,3.7982955761253834,3.6315090842545033,0.8011757875579466,RUN,1.908232750843383,7.475187196706091,0.9077128278333377,0.58,1.7405273043634588e-08
7.94999999999998,3.818475592881441,3.6523361578583717,0.8011757884282105,RUN,1.8792327510425593,7.446187195478925,0.9104622443230743,0.58,1.2059612930501603e-08
7.99999999999998,3.838655613362789,3.67316322773695,0.8011757890311912,RUN,1.85023275025975,7.417187194334876,0.9137367586462815,0.58,1.2266429011436397e-08
8.04999999999998,3.8588356375694275,3.693990293890238,0.8011757896445126,RUN,1.8212327485918614,7.3881871932739465,0.9175331291303208,0.58,1.368940516469026e-08
8.09999999999998,3.8790156543254852,3.7148173674941063,0.8011757903289829,RUN,1.7922327487050624,7.35918719204678,0.9218476464279421,0.58,6.968175429656254e-09
8.14999999999998,3.899195671081543,3.7356444373726845,0.8011757906773918,RUN,1.7632327509028163,7.330187193495022,0.9266761065071161,0.58,6.3176495469172516e-09
8.199999999999982,3.9193756878376007,3.7564715072512627,0.8011757909932742,RUN,1.7342327530865305,7.301187194943265,0.9320138759948235,0.58,4.430438713709641e-09
8.249999999999982,3.9395557045936584,3.777298554778099,0.8011757912147961,RUN,1.7052327684398334,7.272187212443964,0.9378558756049167,0.58,1.2518089617890987e-08
8.299999999999983,3.9597357250750065,3.7981256246566772,0.8011757918407003,RUN,1.6762327676300326,7.243187211299916,0.9441966780092255,0.58,6.386391222357783e-09
8.349999999999984,3.9799157455563545,3.818952687084675,0.80117579216002,RUN,1.6472327711218517,7.214187215506687,0.9510304209141605,0.58,9.202957494889947e-09
8.399999999999984,4.000095762312412,3.839779756963253,0.8011757926201679,RUN,1.6182327733337512,7.18518721695493,0.9583509266926493,0.58,4.436898441143348e-09
8.449999999999985,4.020275786519051,3.8606068044900894,0.8011757928420127,RUN,1.5892327825087436,7.156187229271048,0.9661516452571195,0.58,1.633105530756707e-08
8.499999999999986,4.040455807000399,3.881433866918087,0.8011757936585653,RUN,1.560232786132307,7.127187233477819,0.9744257954922673,0.58,1.1091295666558664e-08
8.549999999999986,4.060635834932327,3.902260936796665,0.8011757942131301,RUN,1.5312327791078215,7.098187227149189,0.9831662733666682,0.58,1.1969541797408905e-08
8.599999999999987,4.080815851688385,3.9230880066752434,0.8011757948116074,RUN,1.5022327813371068,7.069187228597431,0.992365742018005,0.58,6.984473930339056e-09
8.649999999999988,4.100995868444443,3.943915069103241,0.8011757951608312,RUN,1.4732327878935567,7.040187235396492,1.0020166301554376,0.58,8.765579376383493e-09
8.699999999999989,4.1211758852005005,3.964742138981819,0.8011757955991099,RUN,1.4442327900690515,7.0111872368447345,1.0121111982881386,0.58,4.864753968993866e-09
8.74999999999999,4.141355901956558,3.9855692088603973,0.8011757958423473,RUN,1.4152327921893093,6.982187238292977,1.0226415192699374,0.58,3.476866378707548e-09
8.79999999999999,4.161535933613777,4.0063962787389755,0.8011757960161905,RUN,1.386232781959253,6.953187229372056,1.0335995243947735,0.58,8.927321734853476e-09
8.84999999999999,4.181715950369835,4.027223341166973,0.8011757964625565,RUN,1.3572327885260378,6.924187236171118,1.0449770382174124,0.58,6.397028691099944e-09
8.899999999999991,4.201895974576473,4.048050418496132,0.8011757967824078,RUN,1.3282327800906144,6.89518722708396,1.05676579808836,0.58,3.292302683234691e-09
8.949999999999992,4.222075998783112,4.06887748837471,0.8011757969470228,RUN,1.299232776015645,6.86618722334762,1.0689574406066207,0.58,5.4650290901772185e-09
8.999999999999993,4.242256015539169,4.089704558253288,0.8011757972202744,RUN,1.2702327781292642,6.837187224795863,1.0815435800788449,0.58,1.8257748944198221e-09
9.049999999999994,4.262436032295227,4.1105316281318665,0.8011757973115632,RUN,1.241232780198593,6.808187226244105,1.0945157898783475,0.58,7.64526464828314e-10
9.099999999999994,4.282616052410052,4.131358696772586,0.8011757973115632,RUN,1.2122327801985935,6.7791872262441055,1.1078656345586635,0.58,1.912854541300497e-09
9.149999999999995,4.3027960658073425,4.1521857380867,0.8011757974072058,RUN,1.1832328019187335,6.750187250543867,1.1215846680349928,0.58,1.0951247161975496e-08
9.199999999999996,4.322976090013981,4.173012800514698,0.8011757979547682,RUN,1.1542328023178738,6.721187252158347,1.1356645329118973,0.58,9.38493391928219e-09
9.249999999999996,4.343156114220619,4.193839862942696,0.8011757984240147,RUN,1.1252328026950478,6.692187253772826,1.1500968560264562,0.58,1.1143109742919677e-08
9.299999999999997,4.363336130976677,4.214666925370693,0.8011757989811699,RUN,1.0962328092499445,6.663187260571888,1.1648733392862525,0.58,8.759607049653759e-09
9.349999999999998,4.383516147732735,4.235493987798691,0.8011757994191502,RUN,1.0672328157756132,6.63418726737095,1.1799857504185562,0.58,8.687256252754576e-09
9.399999999999999,4.403696164488792,4.256321050226688,0.801175799853513,RUN,1.0382328222959396,6.605187274170012,1.1954259413149926,0.58,8.399741795813291e-09
9.45,4.42387618124485,4.277148127555847,0.8011758002735001,RUN,1.0092328200073704,6.576187270267435,1.2111858715202848,0.58,1.0812020839946422e-09
9.5,4.444056153297424,4.297975182533264,0.8011758003275604,RUN,0.9802328678413502,6.547187313524805,1.222441296435751,0.58,-1.2897549540795254e-08
9.55,4.464236173778772,4.318802252411842,0.8011757996826829,RUN,0.9512328666784758,6.518187312380757,1.193554667228629,0.58,-2.683887578934207e-09
9.600000000000001,4.48441618680954,4.339629352092743,0.8011757995484885,RUN,0.9222328541705646,6.489187295018014,1.1646715997027908,0.58,-2.1684069936079545e-08
9.650000000000002,4.504596207290888,4.360456418246031,0.8011757984642851,RUN,0.8932328551471829,6.460187296549375,1.1357922953991084,0.58,-7.5327264977356e-09
9.700000000000003,4.524776227772236,4.381283491849899,0.801175798087649,RUN,0.8642328518465643,6.431187292729917,1.1069169158167664,0.58,-1.0886917806390689e-08
9.750000000000004,4.544956244528294,4.4021105617284775,0.8011757975433031,RUN,0.8352328538072114,6.40218729417816,1.078045665711573,0.58,-1.0543449669579114e-08
9.800000000000004,4.565136268734932,4.422937631607056,0.8011757970161306,RUN,0.8062328496111293,6.3731872904418205,1.04917874183773,0.58,-6.820948506104169e-09
9.850000000000005,4.58531628549099,4.443764694035053,0.801175796675083,RUN,0.7772328560130191,6.3441872972408815,1.0203163821888912,0.58,-5.6764864170636104e-09
9.900000000000006,4.605496302247047,4.46459174156189,0.8011757963912585,RUN,0.7482328712279996,6.315187314741581,0.9914588230759833,0.58,3.0299841749827665e-09
9.950000000000006,4.625676304101944,4.485418796539307,0.8011757965427577,RUN,0.7192328944326606,6.286187337260626,0.9626063153756308,0.58,-4.689307135517176e-09
10.000000000000007,4.645856320858002,4.506245851516724,0.8011757963082924,RUN,0.6902329052567934,6.257187349410506,0.9337591132558041,0.58,2.8897406146199076e-09
10.050000000000008,4.6660363376140594,4.527072906494141,0.8011757964527795,RUN,0.6612329161293325,6.228187361560386,0.9049175201186761,0.58,4.6288630310041345e-09
10.100000000000009,4.686216369271278,4.54789999127388,0.8011757966842228,RUN,0.6322328970770665,6.199187341937828,0.8760818191878141,0.58,-5.242213048117432e-10
10.15000000000001,4.70639638939917,4.56872705990194,0.8011757966842228,RUN,0.603232897077066,6.170187341937827,0.8472523977183888,0.58,8.931446692672829e-10
10.20000000000001,4.726576409527061,4.5895541285300006,0.8011757966842228,AVOID,0.5742328970770656,6.141187341937827,0.8184296000755908,0.29,1.5271630954950384
10.25000000000001,4.736259231373787,4.600342586461056,0.8775339514589744,AVOID,0.5564285410238645,6.126701453355912,0.8040971717401884,0.29,1.5271630954950384
10.300000000000011,4.745090852308983,4.611838252387944,0.9538921062337264,AVOID,0.5399954592977633,6.112300334433051,0.7899784690051963,0.29,1.5271630954950384
10.350000000000012,4.753019803982763,4.623974132611497,1.0302502610084785,AVOID,0.5292186928100858,6.098068807205762,0.7761632179304088,0.29,-2.0
10.400000000000013,4.7610902532936334,4.636013347618286,0.9302502610084789,AVOID,0.5123635841067549,6.083809278970536,0.7623121413118654,0.29,1.5271630954950384
10.450000000000014,4.7693038770538125,4.647958398818336,1.006608415783231,AVOID,0.5001998573479521,6.0695185791896025,0.7484212701572974,0.29,1.5271630954950384
10.500000000000014,4.776582351419861,4.660495211585078,1.082966570557983,AVOID,0.493169035577639,6.055456914470966,0.7349044200599704,0.29,1.5271630954950384
10.550000000000015,4.782883259369122,4.673550724691062,1.159324725332735,AVOID,0.4914374955688877,6.0417081140957505,0.7218523775958567,0.29,0.6544984694978735
10.600000000000016,4.788464189701341,4.686932968668627,1.1920496488076289,AVOID,0.485269654021635,6.028232004343032,0.7091949431828293,0.29,0.6544984694978735
10.650000000000016,4.7936042771845235,4.700490650546934,1.2247745722825227,AVOID,0.480326593219069,6.014943526165035,0.6968155089912442,0.29,0.6544984694978735
10.700000000000017,4.798298017684247,4.714209252420646,1.2574994957574166,AVOID,0.4766852051165261,6.001858202276436,0.6847351265085553,0.29,0.6544984694978735
10.750000000000018,4.80254038502562,4.728074084067262,1.2902244192323105,AVOID,0.47445241444077446,5.988991421813746,0.672974968480939,0.29,0.6544984694978735
10.800000000000018,4.806326836375432,4.742070298677779,1.3229493427072043,AVOID,0.47377376987169817,5.976358418360367,0.6615562710401184,0.29,0.6544984694978735
10.85000000000002,4.809653317106739,4.756182908755027,1.3556742661820982,AVOID,0.4748463914355876,5.963974247662166,0.6505002695716773,0.29,0.6544984694978735
10.90000000000002,4.812516265140654,4.770396802162649,1.388399189656992,AVOID,0.4779390104976785,5.9518537650775265,0.6398281282703118,0.29,0.6544984694978735
10.95000000000002,4.814912614760712,4.784696758307568,1.421124113131886,AVOID,0.4834241940336146,5.940011602809522,0.6295608634308643,0.29,0.0
11.000000000000021,4.817074768033335,4.799034648432189,1.421124113131886,AVOID,0.473439498680434,5.928319608565031,0.6195452605133058,0.29,0.0
11.050000000000022,4.819236921305957,4.813372538556809,1.421124113131886,AVOID,0.46350342785200416,5.916640044914136,0.6096155206087457,0.29,0.0
11.100000000000023,4.821399074578579,4.82771042868143,1.421124113131886,AVOID,0.45361694210815595,5.904972985616992,0.5997736567996648,0.29,0.0
11.150000000000023,4.823561227851202,4.84204831880605,1.421124113131886,AVOID,0.4437810396532078,5.893318504938568,0.5900217269270649,0.29,0.0
11.200000000000024,4.825723381123824,4.856386208930671,1.421124113131886,AVOID,0.43399675842808794,5.8816766776520675,0.5803618338882295,0.29,0.0
11.250000000000025,4.827885534396446,4.870724099055291,1.421124113131886,AVOID,0.4242651783553687,5.870047579042367,0.5707961258647558,0.29,0.0
11.300000000000026,4.830047687669069,4.885061989179912,1.421124113131886,AVOID,0.4145874237511237,5.858431284909473,0.5613267964739419,0.29,0.0
11.350000000000026,4.832209840941691,4.899399879304532,1.421124113131886,AVOID,0.404964665919041,5.846827871571984,0.5519560848362606,0.29,0.0
11.400000000000027,4.8343719942143135,4.913737769429153,1.421124113131886,AVOID,0.3953981259439491,5.835237415870572,0.5426862755513076,0.08,0.0
11.450000000000028,4.834968450289519,4.917693049463531,1.421124113131886,AVOID,0.39276914244688355,5.832042339393812,0.5401471536399887,0.08,0.0
11.500000000000028,4.835564906364725,4.921648329497909,1.421124113131886,AVOID,0.3901445612125216,5.828848256507304,0.5376159369492217,0.08,0.0
11.55000000000003,4.836161362439931,4.9256036095322875,1.421124113131886,AVOID,0.38752441004732385,5.825655168845339,0.5350926752586203,0.08,0.0
11.60000000000003,4.836757818515137,4.929558889566666,1.421124113131886,AVOID,0.38490871709310537,5.822463078045287,0.5325774186082051,0.08,0.0
11.65000000000003,4.837354274590343,4.933514169601044,1.421124113131886,AVOID,0.3822975108327267,5.819271985747597,0.5300702172978144,0.08,0.0
11.700000000000031,4.837950730665549,4.937469449635422,1.421124113131886,AVOID,0.37969082009591304,5.816081893595804,0.5275711218864605,0.08,0.0
11.750000000000032,4.838547186740755,4.941424729669801,1.421124113131886,AVOID,0.3770886740652011,5.812892803236538,0.5250801831916301,0.08,0.0
11.800000000000033,4.83914364281596,4.945380009704179,1.421124113131886,AVOID,0.3744911022820169,5.809704716319524,0.5225974522885275,0.08,0.0
11.850000000000033,4.839740098891166,4.949335289738557,1.421124113131886,AVOID,0.37189813465289223,5.806517634497591,0.5201229805092622,0.08,0.0
11.900000000000034,4.840336554966372,4.9532905697729355,1.421124113131886,AVOID,0.36930980145581915,5.803331559426678,0.517656819441974,0.08,0.0
11.950000000000035,4.840933011041578,4.957245849807314,1.421124113131886,AVOID,0.3667261333467474,5.800146492765839,0.5151990209299018,0.08,0.0
12.000000000000036,4.841529467116784,4.961201129841692,1.421124113131886,AVOID,0.3641471613662325,5.796962436177247,0.5127496370703888,0.08,0.0
12.050000000000036,4.84212592319199,4.96515640987607,1.421124113131886,AVOID,0.3615729169462314,5.793779391326203,0.5103087202138261,0.08,0.0
12.100000000000037,4.842722379267196,4.969111689910449,1.421124113131886,AVOID,0.35900343191705864,5.790597359881138,0.5078763229625338,0.08,0.0
12.150000000000038,4.8433188353424015,4.973066969944827,1.421124113131886,AVOID,0.3564387385144985,5.787416343513622,0.5054524981695756,0.08,0.0
12.200000000000038,4.843915291417607,4.977022249979205,1.421124113131886,AVOID,0.3538788693870858,5.784236343898368,0.5030372989375096,0.08,0.0
12.250000000000039,4.844511747492813,4.9809775300135835,1.421124113131886,AVOID,0.35132385760355367,5.781057362713239,0.5006307786170707,0.08,0.0
12.30000000000004,4.845108203568019,4.984932810047962,1.421124113131886,AVOID,0.34877373666045886,5.777879401639249,0.4982329908057863,0.08,0.0
12.35000000000004,4.845704659643225,4.98888809008234,1.421124113131886,AVOID,0.3462285404899823,5.774702462360577,0.49584398934652163,0.08,0.0
12.400000000000041,4.846301115718431,4.992843370116718,1.421124113131886,AVOID,0.3436883034679189,5.771526546564565,0.49346382832595515,0.08,0.0
12.450000000000042,4.846897571793637,4.996798650151097,1.421124113131886,AVOID,0.341153060421855,5.768351655941728,0.4910925620729829,0.08,0.0
12.500000000000043,4.8474940278688425,5.000753930185475,1.421124113131886,AVOID,0.33862284663954134,5.765177792185758,0.48873024515704877,0.08,0.0
12.550000000000043,4.848090483944048,5.004709210219853,1.421124113131886,AVOID,0.3360976978774699,5.7620049569935325,0.48637693238640245,0.08,0.0
12.600000000000044,4.848686940019254,5.008664490254231,1.421124113131886,AVOID,0.3335776503696556,5.758833152065114,0.484032678806281,0.08,0.0
12.650000000000045,4.84928339609446,5.01261977028861,1.421124113131886,AVOID,0.3310627408366329,5.7556623791037635,0.48169753969701534,0.08,0.0
12.700000000000045,4.849879852169666,5.016575050322988,1.421124113131886,AVOID,0.328553006494672,5.752492639815942,0.47937157057205737,0.08,0.0
12.750000000000046,4.850476308244872,5.020530330357366,1.421124113131886,AVOID,0.32604848506522266,5.749323935911313,0.4770548271759316,0.08,0.0
12.800000000000047,4.851072764320078,5.024485610391745,1.421124113131886,AVOID,0.3235492147845901,5.746156269102759,0.4747473654821037,0.08,0.0
12.850000000000048,4.851669220395284,5.028440890426123,1.421124113131886,AVOID,0.3210552344138534,5.742989641106374,0.47244924169076974,0.08,0.0
12.900000000000048,4.8522656764704895,5.032396170460501,1.421124113131886,AVOID,0.3185665832490292,5.739824053641479,0.47016051222656396,0.08,0.0
12.950000000000049,4.852862132545695,5.036351450494879,1.421124113131886,AVOID,0.31608330113149474,5.736659508430623,0.4678812337361815,0.08,0.0
13.00000000000005,4.853458588620901,5.040306730529258,1.421124113131886,AVOID,0.3136054284586711,5.733496007199592,0.46561146308591805,0.08,0.0
13.05000000000005,4.854055044696107,5.044262010563636,1.421124113131886,AVOID,0.3111330061949791,5.73033355167741,0.4633512573591234,0.08,0.0
13.100000000000051,4.854651500771313,5.048217290598014,1.421124113131886,AVOID,0.3086660758830776,5.727172143596351,0.46110067385356834,0.08,0.0
13.150000000000052,4.855247956846519,5.052172570632393,1.421124113131886,AVOID,0.30620467965538767,5.72401178469194,0.458859770078724,0.08,0.0
13.200000000000053,4.855844412921725,5.056127850666771,1.421124113131886,AVOID,0.3037488602459182,5.72085247670296,0.456628603752951,0.08,0.0
13.250000000000053,4.8564408689969305,5.060083130701149,1.421124113131886,AVOID,0.30129866100239555,5.717694221371459,0.4544072328006008,0.08,0.0
13.300000000000054,4.857037325072136,5.064038410735527,1.421124113131886,AVOID,0.29885412589871485,5.714537020442754,0.4521957153490228,0.08,0.0
13.350000000000055,4.857633781147342,5.067993690769906,1.421124113131886,AVOID,0.2964152995477165,5.711380875665441,0.4499941097254827,0.08,0.0
13.400000000000055,4.858230237222548,5.071948970804284,1.421124113131886,AVOID,0.29398222721430267,5.708225788791393,0.44780247445398347,0.08,0.0
13.450000000000056,4.858826693297754,5.075904250838662,1.421124113131886,AVOID,0.2915549548289015,5.705071761575773,0.445620868251996,0.08,0.0
13.500000000000057,4.85942314937296,5.0798595308730405,1.421124113131886,AVOID,0.28913352900129363,5.701918795777039,0.4434493500270906,0.08,0.0
13.550000000000058,4.860019605448166,5.083814810907419,1.421124113131886,AVOID,0.2867179970348137,5.698766893156945,0.4412879788734745,0.08,0.0
13.600000000000058,4.860616061523372,5.087770090941797,1.421124113131886,AVOID,0.2843084069409316,5.695616055480552,0.4391368140684302,0.08,0.0
13.650000000000059,4.861212517598577,5.091725370976175,1.421124113131886,AVOID,0.2819048074542383,5.692466284516231,0.4369959150686571,0.08,0.0
13.70000000000006,4.861808973673783,5.095680651010554,1.421124113131886,AVOID,0.2795072480478389,5.689317582035669,0.4348653415065111,0.08,0.0
13.75000000000006,4.862405429748989,5.099635931044932,1.421124113131886,AVOID,0.2771157789491717,5.68616994981388,0.4327451531861457,0.08,0.0
13.800000000000061,4.863001885824195,5.10359121107931,1.421124113131886,AVOID,0.2747304511562718,5.6830233896292,0.43063541007955086,0.08,0.0
13.850000000000062,4.863598341899401,5.1075464911136885,1.421124113131886,AVOID,0.2723513164544813,5.6798779032633036,0.42853617232248986,0.08,0.0
13.900000000000063,4.864194797974607,5.111501771148067,1.421124113131886,AVOID,0.2699784274336391,5.676733492501205,0.4264475002103323,0.08,0.0
13.950000000000063,4.864791254049813,5.115457051182445,1.421124113131886,AVOID,0.2676118375057519,5.673590159131263,0.4243694541937839,0.08,0.0
14.000000000000064,4.8653877101250185,5.119412331216823,1.421124113131886,AVOID,0.26525160092317135,5.670447904945189,0.4223020948745104,0.08,0.0
14.050000000000065,4.865984166200224,5.123367611251202,1.421124113131886,AVOID,0.26289777279729487,5.667306731738054,0.4202454830006561,0.08,0.0
14.100000000000065,4.86658062227543,5.12732289128558,1.421124113131886,AVOID,0.2605504091178017,5.664166641308292,0.41819967946225645,0.08,0.0
14.150000000000066,4.867177078350636,5.131278171319958,1.421124113131886,AVOID,0.25820956677245344,5.661027635457703,0.4161647452865418,0.08,0.0
14.200000000000067,4.867773534425842,5.1352334513543365,1.421124113131886,AVOID,0.2558753035674729,5.657889715991468,0.41414074163313574,0.08,0.0
14.250000000000068,4.868369990501048,5.139188731388715,1.421124113131886,AVOID,0.25354767824852076,5.654752884718146,0.4121277297891415,0.08,0.0
14.300000000000068,4.868966446576254,5.143144011423093,1.421124113131886,AVOID,0.2512267505222986,5.651617143449685,0.4101257711641213,0.08,0.0
14.350000000000069,4.8695629026514595,5.147099291457471,1.421124113131886,AVOID,0.24891258107879222,5.648482494001425,0.40813492728496525,0.08,0.0
14.40000000000007,4.870159358726665,5.15105457149185,1.421124113131886,AVOID,0.24660523161418924,5.645348938192106,0.4061552597906497,0.08,0.0
14.45000000000007,4.870755814801871,5.155009851526228,1.421124113131886,AVOID,0.2443047648544847,5.642216477843873,0.4041868304268834,0.08,0.0
14.500000000000071,4.871352270877077,5.158965131560606,1.421124113131886,AVOID,0.24201124457980994,5.639085114782282,0.4022297010406446,0.08,0.0
14.550000000000072,4.871948726952283,5.1629204115949845,1.421124113131886,AVOID,0.2397247356495057,5.635954850836305,0.4002839335746031,0.08,0.0
14.600000000000072,4.872545183027489,5.166875691629363,1.421124113131886,AVOID,0.23744530402796993,5.63282568783834,0.39834959006143267,0.08,0.0
14.650000000000073,4.873141639102695,5.170830971663741,1.421124113131886,AVOID,0.23517301681131197,5.629697627624209,0.396426732618008,0.08,0.0
14.700000000000074,4.873738095177901,5.174786251698119,1.421124113131886,AVOID,0.23290794225483763,5.626570672033172,0.39451542343949186,0.08,0.0
14.750000000000075,4.874334551253106,5.178741531732498,1.421124113131886,AVOID,0.23065014980140486,5.62344482290793,0.39261572479330487,0.08,0.0
14.800000000000075,4.874931007328312,5.182696811766876,1.421124113131886,AVOID,0.22839971011067828,5.62032008209463,0.3907276990129853,0.08,0.0
14.850000000000076,4.875527463403518,5.186652091801254,1.421124113131886,AVOID,0.22615669508932107,5.61719645144287,0.388851408491933,0.08,0.0
14.900000000000077,4.876123919478724,5.1906073718356325,1.421124113131886,AVOID,0.2239211779221586,5.614073932805708,0.38698691567704047,0.08,0.0
14.950000000000077,4.87672037555393,5.194562651870011,1.421124113131886,AVOID,0.22169323310435485,5.610952528039667,0.38513428306220865,0.08,0.0
15.000000000000078,4.877316831629136,5.198517931904389,1.421124113131886,AVOID,0.21947293647463934,5.60783223900474,0.38329357318175106,0.08,0.0
15.050000000000079,4.877913287704342,5.202473211938767,1.421124113131886,AVOID,0.21726036524963188,5.604713067564395,0.38146484860368135,0.08,0.0
15.10000000000008,4.8785097437795475,5.206428491973146,1.421124113131886,AVOID,0.21505559805930197,5.601595015585585,0.3796481719228897,0.08,0.0
15.15000000000008,4.879106199854753,5.210383772007524,1.421124113131886,AVOID,0.21285871498361725,5.59847808493875,0.3778436057542036,0.08,0.0
15.200000000000081,4.879702655929959,5.214339052041902,1.421124113131886,AVOID,0.21066979759042553,5.595362277497824,0.3760512127253359,0.08,0.0
15.250000000000082,4.880299112005165,5.2182943320762805,1.421124113131886,AVOID,0.20848892897462074,5.5922475951402415,0.37427105546972084,0.08,0.0
15.300000000000082,4.880895568080371,5.222249612110659,1.421124113131886,AVOID,0.2063161937986519,5.589134039746944,0.37250319661923537,0.08,0.0
15.350000000000083,4.881492024155577,5.226204892145037,1.421124113131886,AVOID,0.2041516783344247,5.586021613202385,0.37074769879681013,0.08,0.0
15.400000000000084,4.882088480230783,5.230160172179415,1.421124113131886,AVOID,0.2019954705066611,5.5829103173945365,0.3690046246089278,0.08,0.0
15.450000000000085,4.8826849363059885,5.234115452213794,1.421124113131886,AVOID,0.19984765993777498,5.579800154214893,0.3672740366380094,0.08,0.0
15.500000000000085,4.883281392381194,5.238070732248172,1.421124113131886,AVOID,0.19770833799433152,5.576691125558481,0.36555599743469225,0.08,0.0
15.550000000000086,4.8838778484564,5.24202601228255,1.421124113131886,AVOID,0.19557759783515904,5.573583233323864,0.36385056950999517,0.08,0.0
15.600000000000087,4.884474304531606,5.2459812923169284,1.421124113131886,AVOID,0.1934555344611864,5.570476479413147,0.3621578153273777,0.08,0.0
15.650000000000087,4.885070760606812,5.249936572351307,1.421124113131886,AVOID,0.19134224476707784,5.567370865731981,0.360477797294688,0.08,0.0
15.700000000000088,4.885667216682018,5.253891852385685,1.421124113131886,AVOID,0.18923782759475355,5.564266394189574,0.3588105777560062,0.08,0.0
15.750000000000089,4.886263672757224,5.257847132420063,1.421124113131886,AVOID,0.18714238378887244,5.561163066698694,0.3571562189833797,0.08,0.0
15.80000000000009,4.88686012883243,5.261802412454442,1.421124113131886,AVOID,0.18505601625437118,5.558060885175675,0.35551478316845375,0.08,0.0
15.85000000000009,4.8874565849076355,5.26575769248882,1.421124113131886,AVOID,0.18297883001615273,5.554959851540422,0.3538863324139978,0.08,0.0
15.900000000000091,4.888053040982841,5.269712972523198,1.421124113131886,AVOID,0.18091093228101895,5.55185996771642,0.3522709287253303,0.08,0.0
15.950000000000092,4.888649497058047,5.273668252557576,1.421124113131886,AVOID,0.17885243250196098,5.548761235630738,0.3506686340016396,0.08,0.0
16.000000000000092,4.889245953133253,5.277623532591955,1.421124113131886,AVOID,0.17680344244490692,5.545663657214034,0.34907951002720705,0.08,0.0
16.050000000000093,4.889842409208459,5.281578812626333,1.421124113131886,AVOID,0.17476407625805007,5.542567234400564,0.34750361846253064,0.08,0.0
16.100000000000094,4.890438865283665,5.285534092660711,1.421124113131886,AVOID,0.17273445054388042,5.5394719691281855,0.3459410208353515,0.08,0.0
16.150000000000095,4.891035321358871,5.28948937269509,1.421124113131886,AVOID,0.1707146844340448,5.536377863338365,0.3443917785315851,0.08,0.0
16.200000000000095,4.8916317774340765,5.293444652729468,1.421124113131886,AVOID,0.1687048996671785,5.533284918976182,0.3428559527861592,0.08,0.0
16.250000000000096,4.892228233509282,5.297399932763846,1.421124113131886,AVOID,0.16670522066985016,5.53019313799034,0.3413336046737603,0.08,0.0
16.300000000000097,4.892824689584488,5.301355212798224,1.421124113131886,AVOID,0.16471577464077575,5.527102522333164,0.3398247950994884,0.08,0.0
16.350000000000097,4.893421145659694,5.305310492832603,1.421124113131886,AVOID,0.16273669163846172,5.5240130739606155,0.33832958478942676,0.08,0.0
16.400000000000098,4.8940176017349,5.309265772866981,1.421124113131886,AVOID,0.16076810467245523,5.520924794832292,0.3368480342811244,0.08,0.0
16.4500000000001,4.894614057810106,5.313221052901359,1.421124113131886,AVOID,0.15881014979837865,5.517837686911438,0.3353802039139935,0.08,0.0
16.5000000000001,4.895210513885312,5.3171763329357375,1.421124113131886,AVOID,0.15686296621694457,5.514751752164947,0.3339261538196294,0.08,0.0
16.5500000000001,4.895806969960518,5.321131612970116,1.421124113131886,AVOID,0.15492669637716044,5.511666992563368,0.33248594391204755,0.08,0.0
16.6000000000001,4.896403426035723,5.325086893004494,1.421124113131886,AVOID,0.15300148608393555,5.5085834100809175,0.33105963387784754,0.08,0.0
16.6500000000001,4.896999882110929,5.329042173038872,1.421124113131886,AVOID,0.1510874846103284,5.505501006695475,0.32964728316629954,0.08,0.0
16.700000000000102,4.897596338186135,5.332997453073251,1.421124113131886,AVOID,0.14918484481467564,5.502419784388599,0.3282489509793638,0.08,0.0
16.750000000000103,4.898192794261341,5.336952733107629,1.421124113131886,AVOID,0.14729372326287166,5.499339745145526,0.32686469626163694,0.08,0.0
16.800000000000104,4.898789250336547,5.340908013142007,1.421124113131886,AVOID,0.14541428035607235,5.49626089095518,0.3254945776902364,0.08,0.0
16.850000000000104,4.899385706411753,5.3448632931763855,1.421124113131886,AVOID,0.14354668046412433,5.493183223810181,0.32413865366461925,0.08,0.0
16.900000000000105,4.899982162486959,5.348818573210764,1.421124113131886,AVOID,0.14169109206503555,5.490106745706845,0.3227969822963431,0.08,0.0
16.950000000000106,4.9005786185621645,5.352773853245142,1.421124113131886,AVOID,0.1398476878908252,5.487031458645192,0.32146962139876867,0.08,0.0
17.000000000000107,4.90117507463737,5.35672913327952,1.421124113131886,AVOID,0.13801664508011374,5.483957364628956,0.32015662847670945,0.08,0.0
17.050000000000107,4.901771530712576,5.360684413313899,1.421124113131886,AVOID,0.13619814533783775,5.480884465665587,0.31885806071603096,0.08,0.0
17.100000000000108,4.902367986787782,5.364639693348277,1.421124113131886,AVOID,0.13439237510250196,5.4778127637662575,0.31757397497320305,0.08,0.0
17.15000000000011,4.902964442862988,5.368594973382655,1.421124113131886,AVOID,0.13259952572140732,5.474742260945871,0.3163044277648077,0.08,0.0
17.20000000000011,4.903560898938194,5.3725502534170335,1.421124113131886,AVOID,0.13081979363432422,5.471672959223064,0.31504947525700777,0.08,0.0
17.25000000000011,4.9041573550134,5.376505533451412,1.421124113131886,AVOID,0.12905338056611854,5.468604860620218,0.3138091732549786,0.08,0.0
17.30000000000011,4.9047538110886055,5.38046081348579,1.421124113131886,AVOID,0.12730049372886315,5.465537967163456,0.31258357719230667,0.08,0.0
17.35000000000011,4.905350267163811,5.384416093520168,1.421124113131886,AVOID,0.12556134603402042,5.462472280882662,0.3113727421203595,0.08,0.0
17.400000000000112,4.905946723239017,5.388371373554547,1.421124113131886,AVOID,0.12383615631531097,5.459407803811473,0.3101767226976294,0.08,0.0
17.450000000000113,4.906543179314223,5.392326653588925,1.421124113131886,AVOID,0.12212514956293608,5.456344537987295,0.30899557317905735,0.08,0.0
17.500000000000114,4.907139635389429,5.396281933623303,1.421124113131886,AVOID,0.12042855716987028,5.4532824854513064,0.3078293474053374,0.08,0.0
17.550000000000114,4.907736091464635,5.4002372136576815,1.421124113131886,AVOID,0.11874661719099394,5.450221648248459,0.30667809879220964,0.08,0.0
17.600000000000115,4.908332547539841,5.40419249369206,1.421124113131886,AVOID,0.11707957461589202,5.447162028427495,0.3055418803197425,0.08,0.0
17.650000000000116,4.908929003615047,5.408147773726438,1.421124113131886,AVOID,0.11542768165621348,5.444103628040939,0.3044207445216106,0.08,0.0
17.700000000000117,4.9095254596902524,5.412103053760816,1.421124113131886,AVOID,0.11379119804855309,5.4410464491451185,0.30331474347437204,0.08,0.0
17.750000000000117,4.910121915765458,5.416058333795195,1.421124113131886,AVOID,0.11217039137389306,5.437990493800157,0.30222392878674864,0.08,0.0
17.800000000000118,4.910718371840664,5.420013613829573,1.421124113131886,AVOID,0.11056553739472508,5.434935764069992,0.3011483515889144,0.08,0.0
17.85000000000012,4.91131482791587,5.423968893863951,1.421124113131886,AVOID,0.10897692041106805,5.431882262022369,0.30008806252179676,0.08,0.0
17.90000000000012,4.911911283991076,5.4279241738983295,1.421124113131886,AVOID,0.10740483363668746,5.428829989728857,0.29904311172639375,0.08,0.0
17.95000000000012,4.912507740066282,5.431879453932708,1.421124113131886,AVOID,0.10584957959694297,5.425778949264853,0.2980135488331138,0.08,0.0
18.00000000000012,4.913104196141488,5.435834733967086,1.421124113131886,AVOID,0.10431147054980094,5.422729142709581,0.2969994229511408,0.08,0.0
18.05000000000012,4.9137006522166935,5.439790014001464,1.421124113131886,AVOID,0.10279082893168279,5.419680572146109,0.29600078265783003,0.08,0.0
18.100000000000122,4.914297108291899,5.443745294035843,1.421124113131886,AVOID,0.10128798782996978,5.416633239661344,0.2950176759881403,0.08,0.0
18.150000000000123,4.914893564367105,5.447700574070221,1.421124113131886,AVOID,0.09980329148413297,5.413587147346049,0.29405015042410554,0.08,0.0
18.200000000000124,4.915490020442311,5.451655854104599,1.421124113131886,AVOID,0.09833709581764533,5.410542297294839,0.29309825288435154,0.08,0.0
18.250000000000124,4.916086476517517,5.4556111341389775,1.421124113131886,AVOID,0.09688976900301538,5.407498691606193,0.2921620297136629,0.08,0.0
18.300000000000125,4.916682932592723,5.459566414173356,1.421124113131886,AVOID,0.09546169206250554,5.404456332382461,0.29124152667260494,0.08,0.0
18.350000000000126,4.917279388667929,5.463521694207734,1.421124113131886,AVOID,0.09405325950732396,5.401415221729862,0.2903367889272046,0.08,0.0
18.400000000000126,4.9178758447431346,5.467476974242112,1.421124113131886,AVOID,0.09266488001835693,5.398375361758502,0.2894478610386966,0.08,0.0
18.450000000000127,4.91847230081834,5.471432254276491,1.421124113131886,AVOID,0.09129697717178209,5.39533675458237,0.2885747869533385,0.08,0.0
18.500000000000128,4.919068756893546,5.475387534310869,1.421124113131886,AVOID,0.08994999021324301,5.392299402319348,0.28771760999230145,0.08,0.0
18.55000000000013,4.919665212968752,5.479342814345247,1.421124113131886,AVOID,0.08862437488461677,5.389263307091219,0.28687637284163914,0.08,0.0
18.60000000000013,4.920261669043958,5.4832980943796255,1.421124113131886,AVOID,0.08732060430781236,5.386228471023668,0.286051117542342,0.08,0.0
18.65000000000013,4.920858125119164,5.487253374414004,1.421124113131886,AVOID,0.08603916993048616,5.383194896246294,0.28524188548048124,0.08,0.0
18.70000000000013,4.92145458119437,5.491208654448382,1.421124113131886,AVOID,0.08478058253906395,5.380162584892609,0.28444871737744637,0.08,0.0
18.75000000000013,4.922051037269576,5.49516393448276,1.421124113131886,AVOID,0.08354537334502266,5.377131539100054,0.28367165328028376,0.08,0.0
18.800000000000132,4.9226474933447815,5.499119214517139,1.421124113131886,AVOID,0.08233409515101808,5.3741017610099915,0.2829107325521383,0.08,0.0
18.850000000000133,4.923243949419987,5.503074494551517,1.421124113131886,AVOID,0.08114732360415289,5.371073252767725,0.2821659938628054,0.08,0.0
18.900000000000134,4.923840405495193,5.507029774585895,1.421124113131886,AVOID,0.07998565854448764,5.368046016522498,0.281437475179398,0.08,1.5271630954950384
18.950000000000134,4.924285346541962,5.511003973232825,1.497482267906638,AVOID,0.10072302116931658,5.365122851455474,0.2808761566551794,0.08,1.5271630954950384
19.000000000000135,4.9244258234211316,5.515000533462168,1.57384042268139,AVOID,0.15210315816319767,5.362417938818783,0.2806351878258656,0.08,1.5271630954950384
19.050000000000136,4.924261017470623,5.518996164378436,1.650198577456142,RUN,1.5965510341420672,5.35994738382026,0.28071621643356237,0.58,-2.0
19.100000000000136,4.92340883023151,5.547971553541406,1.5501985774561415,AVOID,0.17752713496208689,5.341825152566654,0.2814631048816657,0.08,1.5271630954950384
19.150000000000137,4.923338525624951,5.551969963810833,1.6265567322308936,AVOID,1.5697382378333438,5.339295825023785,0.28158811385717464,0.29,-0.6544984694978735
19.200000000000138,4.922767428701363,5.5664580653273195,1.5938318087559997,AVOID,1.5686668303198623,5.3303879462581625,0.2824977175403738,0.29,-0.6544984694978735
19.25000000000014,4.922670674943668,5.580957095500352,1.5611068852811059,AVOID,1.5741578616953837,5.321134165549081,0.2831534121417989,0.29,-0.6544984694978735
19.30000000000014,4.923048367958214,5.595451528405262,1.528381961806212,AVOID,1.544856489908354,5.311542610715483,0.2835550194059069,0.29,-0.6544984694978735
19.35000000000014,4.923900103301859,5.609925843040247,1.4956570383313181,AVOID,1.5149643155881134,5.301621747875736,0.28370243015639784,0.29,-0.6544984694978735
19.40000000000014,4.9252249689150664,5.624364539946654,1.4629321148564243,AVOID,0.1872166536203405,5.291380378797463,0.2835956043205903,0.08,1.5271630954950384
19.45000000000014,4.9255034162556015,5.628353862508056,1.5392902696311763,RUN,1.515927776984313,5.288621756886109,0.28369212724777493,0.58,-2.0
19.500000000000142,4.9278634920542945,5.657245547167495,1.4392902696311758,RUN,1.4567056449678049,5.268425103508238,0.28454968533549807,0.58,-1.6877384400414421
19.550000000000143,4.932873998835155,5.685800684466031,1.3549033476291035,AVOID,0.1347972218477454,5.246468432425471,0.28361435489442854,0.08,0.0
19.600000000000144,4.933730877885905,5.689707826425621,1.3549033476291035,AVOID,0.13666967871308666,5.243336614016529,0.2833857100432944,0.08,0.0
19.650000000000144,4.934587756936655,5.69361496838521,1.3549033476291035,AVOID,0.1387615672427905,5.24020597718598,0.28317378227300827,0.08,0.0
19.700000000000145,4.935444635987405,5.6975221103448,1.3549033476291035,AVOID,0.14109928206780764,5.237076524052806,0.2829785827269371,0.08,0.0
19.750000000000146,4.9363015150381555,5.70142925230439,1.3549033476291035,AVOID,0.14371501699739572,5.233948256740256,0.28280012167762547,0.08,0.0
19.800000000000146,4.937158394088906,5.70533639426398,1.3549033476291035,AVOID,0.14664872494100867,5.230821177375854,0.2826384085241015,0.08,0.0
19.850000000000147,4.938015273139656,5.709243536223569,1.3549033476291035,AVOID,0.14995102217976597,5.227695288091404,0.28249345178940777,0.08,0.0
19.900000000000148,4.938872152190406,5.713150678183159,1.3549033476291035,AVOID,0.15368766102600812,5.224570591022999,0.2823652591183613,0.08,0.0
19.95000000000015,4.939729031241156,5.717057820142749,1.3549033476291035,AVOID,0.15794675013707482,5.221447088311033,0.28225383727554065,0.08,0.0
20.00000000000015,4.940585910291906,5.720964962102339,1.3549033476291035,AVOID,0.162851119448034,5.218324782100201,0.28215919214350393,0.08,0.0
20.05000000000015,4.9414427893426565,5.724872104061928,1.3549033476291035,AVOID,0.1685811767866915,5.215203674539515,0.2820813287212377,0.08,0.0
20.10000000000015,4.942299668393407,5.728779246021518,1.3549033476291035,AVOID,0.1754217555548046,5.212083767782307,0.2820202511228376,0.08,0.0
20.15000000000015,4.943156547444157,5.732686387981108,1.3549033476291035,AVOID,0.1838735513367189,5.208965063986238,0.28197596257642243,0.08,0.0
20.200000000000152,4.944013426494907,5.736593529940698,1.3549033476291035,AVOID,0.19498977549174074,5.2058475653133085,0.28194846542328134,0.08,0.0
20.250000000000153,4.944870305545657,5.740500671900287,1.3549033476291035,AVOID,0.21203130243841836,5.202731273929863,0.28193776111725466,0.08,0.0
20.300000000000153,4.945727184596407,5.744407813859877,1.3549033476291035,RUN,1.3901455958204076,5.199616192006598,0.2819438502243503,0.58,-2.0
20.350000000000154,4.953344368006134,5.772377045474969,1.254903347629103,AVOID,0.11730663009558767,5.176192784327546,0.2810404698215384,0.08,0.0
20.400000000000155,4.95458702956192,5.776179122835804,1.254903347629103,AVOID,0.11844544577546634,5.172850969187918,0.2807852218924005,0.08,0.0
20.450000000000156,4.955829691117706,5.779981200196638,1.254903347629103,AVOID,0.11973002914472966,5.169510088812304,0.2805467236756001,0.08,0.0
20.500000000000156,4.9570723526734914,5.783783277557473,1.254903347629103,AVOID,0.12117334454634235,5.166170145014197,0.280324987771138,0.08,0.0
20.550000000000157,4.958315014229277,5.787585354918307,1.254903347629103,AVOID,0.12279041878609948,5.1628311396112725,0.280120025904791,0.08,0.0
20.600000000000158,4.959557675785063,5.791387432279142,1.254903347629103,AVOID,0.12459883260678861,5.159493074425398,0.2799318489250251,0.08,0.0
20.65000000000016,4.9608003373408485,5.795189509639976,1.254903347629103,AVOID,0.1266193739207586,5.156155951282647,0.2797604668001338,0.08,0.0
20.70000000000016,4.962042998896634,5.798991587000811,1.254903347629103,AVOID,0.12887692307546214,5.1528197720133075,0.27960588861560665,0.08,0.0
20.75000000000016,4.96328566045242,5.802793664361645,1.254903347629103,AVOID,0.13140167964263436,5.149484538451892,0.2794681225717267,0.08,0.0
20.80000000000016,4.9645283220082055,5.80659574172248,1.254903347629103,AVOID,0.13423090709248822,5.146150252437147,0.2793471759813998,0.08,0.0
20.85000000000016,4.965770983563991,5.810397819083314,1.254903347629103,AVOID,0.1374114906689029,5.142816915812065,0.27924305526821713,0.08,0.0
20.900000000000162,4.967013645119777,5.814199896444149,1.254903347629103,AVOID,0.14100382621065272,5.139484530423897,0.27915576596475145,0.08,0.0
20.950000000000163,4.9682563066755625,5.818001973804983,1.254903347629103,AVOID,0.14508799920883642,5.136153098124155,0.2790853127110885,0.08,0.0
21.000000000000163,4.969498968231348,5.821804051165818,1.254903347629103,AVOID,0.1497741564704779,5.132822620768633,0.27903169925359483,0.08,0.0
21.050000000000164,4.970741629787134,5.825606128526652,1.254903347629103,AVOID,0.15522118119388711,5.129493100217408,0.27899492844392204,0.08,0.0
21.100000000000165,4.9719842913429195,5.8294082058874865,1.254903347629103,AVOID,0.1616736127987458,5.126164538334856,0.27897500223824856,0.08,0.0
21.150000000000166,4.973226952898705,5.833210283248321,1.254903347629103,AVOID,0.16954490267594327,5.122836936989662,0.2789719216967598,0.08,0.0
21.200000000000166,4.974469614454491,5.8370123606091555,1.254903347629103,AVOID,0.1796473687424797,5.119510298054829,0.27898568698336557,0.08,0.0
21.250000000000167,4.9757122760102765,5.84081443796999,1.254903347629103,AVOID,0.19411427065849984,5.116184623407687,0.2790162973656568,0.08,0.0
21.300000000000168,4.976954937566062,5.8446165153308245,1.254903347629103,RUN,1.377243132195768,5.112859914929909,0.27906375121510063,0.58,-2.0
21.35000000000017,4.987326330739547,5.871685567842448,1.1549033476291033,AVOID,0.11044470077149296,5.088015444396899,0.27846164785826466,0.08,0.0
21.40000000000017,4.988942358536873,5.875344591504338,1.1549033476291033,AVOID,0.11168085176064185,5.08449159946016,0.27824812941066157,0.08,0.0
21.45000000000017,4.9905583863341985,5.879003615166228,1.1549033476291033,AVOID,0.11307134012758155,5.080968459608906,0.2780514253401053,0.08,0.0
21.50000000000017,4.992174414131524,5.882662638828118,1.1549033476291033,AVOID,0.11463047880936375,5.077446026310872,0.2778715461056862,0.08,0.0
21.55000000000017,4.99379044192885,5.886321662490008,1.1549033476291033,AVOID,0.11637496079604734,5.073924301037573,0.2777085012794839,0.08,0.0
21.600000000000172,4.995406469726175,5.889980686151898,1.1549033476291033,AVOID,0.11832445379174328,5.070403285264319,0.27756229954402767,0.08,0.0
21.650000000000173,4.997022497523501,5.8936397098137885,1.1549033476291033,AVOID,0.12050240082986358,5.066882980470218,0.2774329486899897,0.08,0.0
21.700000000000173,4.9986385253208265,5.897298733475679,1.1549033476291033,AVOID,0.12293712139423879,5.063363388138197,0.2773204556141131,0.08,0.0
21.750000000000174,5.000254553118152,5.900957757137569,1.1549033476291033,AVOID,0.12566336363410638,5.059844509755006,0.27722482631737666,0.08,0.0
21.800000000000175,5.001870580915478,5.904616780799459,1.1549033476291033,AVOID,0.128724556516536,5.056326346811234,0.27714606590339497,0.08,0.0
21.850000000000176,5.003486608712803,5.908275804461349,1.1549033476291033,AVOID,0.13217619137422798,5.052808900801317,0.2770841785770587,0.08,0.0
21.900000000000176,5.005102636510129,5.911934828123239,1.1549033476291033,AVOID,0.13609111353729553,5.049292173223547,0.27703916764341197,0.08,0.0
21.950000000000177,5.006718664307455,5.915593851785129,1.1549033476291033,AVOID,0.14056823610587366,5.045776165580092,0.27701103550677086,0.08,0.0
22.000000000000178,5.00833469210478,5.919252875447019,1.1549033476291033,AVOID,0.14574784624027298,5.0422608793769985,0.27699978367008093,0.08,0.0
22.05000000000018,5.009950719902106,5.922911899108909,1.1549033476291033,AVOID,0.151840869880228,5.0387463161242065,0.27700541273451595,0.08,0.0
22.10000000000018,5.0115667476994314,5.926570922770799,1.1549033476291033,AVOID,0.15919176381678063,5.035232477335563,0.2770279223993174,0.08,0.0
22.15000000000018,5.013182775496757,5.930229946432689,1.1549033476291033,AVOID,0.16843936972978218,5.031719364528827,0.2770673114618746,0.08,0.0
22.20000000000018,5.014798803294083,5.933888970094579,1.1549033476291033,AVOID,0.1810706383831769,5.028206979225692,0.2771235778180462,0.08,0.0
22.25000000000018,5.016414831091408,5.9375479937564695,1.1549033476291033,AVOID,0.20343349523781765,5.024695322951782,0.277196718462722,0.08,0.0
22.300000000000182,5.018030858888734,5.9412070174183595,1.1549033476291033,RUN,1.5264490234956054,5.02118439723668,0.27728672949062494,0.58,-2.0
22.350000000000183,5.031052834293717,5.967105425801658,1.0549033476291036,AVOID,0.10888385750995844,4.995096706007771,0.27699401578167493,0.08,0.0
22.400000000000183,5.0330260815170185,5.970584836009686,1.0549033476291036,AVOID,0.11038395141467053,4.991416462862889,0.27682327208390733,0.08,0.0
22.450000000000184,5.03499932874032,5.974064246217714,1.0549033476291036,AVOID,0.1120634165477484,4.9877367120877265,0.27666938463795765,0.08,0.0
22.500000000000185,5.036972575963622,5.977543656425742,1.0549033476291036,AVOID,0.11394083198042737,4.984057454772836,0.2765323616582568,0.08,0.0
22.550000000000185,5.038945823186924,5.98102306663377,1.0549033476291036,AVOID,0.11603825200398887,4.980378692011851,0.2764122104635117,0.08,0.0
22.600000000000186,5.040919070410226,5.984502476841798,1.0549033476291036,AVOID,0.11838219169534428,4.976700424901491,0.2763089374747547,0.08,0.0
22.650000000000187,5.042892317633528,5.987981887049826,1.0549033476291036,AVOID,0.12100500406803896,4.97302265454157,0.276222548213629,0.08,0.0
22.700000000000188,5.0448655648568295,5.991461297257854,1.0549033476291036,AVOID,0.12394685766730631,4.96934538203501,0.27615304730091483,0.08,0.0
22.75000000000019,5.046838812080131,5.994940707465882,1.0549033476291036,AVOID,0.1272586694825073,4.965668608487852,0.276100438455294,0.08,0.0
22.80000000000019,5.048812059303433,5.99842011767391,1.0549033476291036,AVOID,0.13100662628954446,4.961992335009263,0.27606472449235553,0.08,0.0
22.85000000000019,5.050785306526735,6.001899527881938,1.0549033476291036,AVOID,0.1352794926984044,4.95831656271155,0.2760459073238427,0.08,0.0
22.90000000000019,5.052758553750037,6.005378938089966,1.0549033476291036,AVOID,0.14020114626690322,4.954641292710168,0.27604398795714136,0.08,0.0
22.95000000000019,5.054731800973339,6.008858348297994,1.0549033476291036,AVOID,0.14595379737769743,4.950966526123731,0.27605896649501005,0.08,0.0
23.000000000000192,5.0567050481966405,6.012337758506022,1.0549033476291036,AVOID,0.15282572033651592,4.947292264074024,0.2760908421355529,0.08,0.0
23.050000000000193,5.058678295419942,6.01581716871405,1.0549033476291036,AVOID,0.16132528936772422,4.943618507686013,0.2761396131724342,0.08,0.0
23.100000000000193,5.060651542643244,6.019296578922078,1.0549033476291036,AVOID,0.17252810419074197,4.939945258087855,0.2762052769953345,0.08,0.0
23.150000000000194,5.062624789866546,6.022775989130106,1.0549033476291036,AVOID,0.18981623922236623,4.9362725164109085,0.2762878300906496,0.08,0.0
23.200000000000195,5.064598037089848,6.026255399338134,1.0549033476291036,RUN,2.03865349691396,4.932600283789745,0.2763872680424302,0.58,-1.8351126310380008
23.250000000000195,5.080040503311106,6.0507898723151685,0.963147716077204,AVOID,0.1112713707341039,4.905499244003634,0.27628287476440105,0.08,0.0
23.300000000000196,5.082324257577553,6.054073843455494,0.963147716077204,AVOID,0.11319765904561441,4.9017001277697885,0.2761546428669306,0.08,0.0
23.350000000000197,5.084608011844,6.057357814595819,0.963147716077204,AVOID,0.11534965627455296,4.897901331410882,0.2760432917910074,0.08,0.0
23.400000000000198,5.086891766110447,6.060641785736144,0.963147716077204,AVOID,0.11775508991317593,4.894102855671775,0.275948827492826,0.08,0.0
23.4500000000002,5.089175520376894,6.063925756876469,0.963147716077204,AVOID,0.12044792024229661,4.890304701299578,0.2758712550275003,0.08,0.0
23.5000000000002,5.0914592746433405,6.0672097280167945,0.963147716077204,AVOID,0.12347050037845719,4.886506869043662,0.27581057854771207,0.08,0.0
23.5500000000002,5.093743028909787,6.07049369915712,0.963147716077204,AVOID,0.1268768065611875,4.882709359655664,0.27576680130260034,0.08,0.0
23.6000000000002,5.096026783176234,6.073777670297445,0.963147716077204,AVOID,0.13073746848943713,4.878912173889498,0.27573992563689154,0.08,0.0
23.6500000000002,5.098310537442681,6.07706164143777,0.963147716077204,AVOID,0.13514800263007415,4.875115312501365,0.2757299529902716,0.08,0.0
23.700000000000202,5.100594291709128,6.080345612578095,0.963147716077204,AVOID,0.1402431621548858,4.871318776249756,0.2757368838970008,0.08,0.0
23.750000000000203,5.102878045975575,6.08362958371842,0.963147716077204,AVOID,0.14622408860581923,4.867522565895462,0.2757607179857703,0.08,0.0
23.800000000000203,5.105161800242022,6.086913554858746,0.963147716077204,AVOID,0.15341580779617847,4.863726682201589,0.27580145397980194,0.08,0.0
23.850000000000204,5.107445554508469,6.090197525999071,0.963147716077204,AVOID,0.16241095107274064,4.859931125933557,0.27585908969718964,0.08,0.0
23.900000000000205,5.109729308774916,6.093481497139396,0.963147716077204,AVOID,0.17454392269793878,4.856135897859114,0.2759336220514842,0.08,0.0
23.950000000000205,5.1120130630413625,6.096765468279721,0.963147716077204,AVOID,0.1948665532482155,4.8523409987483435,0.27602504705251907,0.08,0.0
24.000000000000206,5.114296817307809,6.100049439420046,0.963147716077204,RUN,1.9467198316421468,4.848546429373674,0.2761333598074781,0.58,-1.4490472633275067
24.050000000000207,5.131701678128946,6.123237863095954,0.8906953529108286,AVOID,0.1277449506630733,4.820735659556033,0.2763732738931888,0.08,0.6544984694978735
24.100000000000207,5.134165831994982,6.126388500790346,0.9234202763857224,AVOID,0.20406504646656984,4.81687833175232,0.27639658739029016,0.08,0.6544984694978735
24.150000000000208,5.136525580546513,6.129618076448287,0.9561451998606163,AVOID,1.9113644770815468,4.813057965246616,0.2765676247480183,0.29,0.6544984694978735
24.20000000000021,5.144692039848513,6.141598901950602,0.9888701233355102,AVOID,1.892274868107537,4.799359989096194,0.2778019166431166,0.29,0.0
24.25000000000021,5.152661734536171,6.153712281602274,0.9888701233355102,AVOID,1.8782198624760933,4.785746076089282,0.27949163312309355,0.29,0.0
24.30000000000021,5.1606314292238284,6.165825661253945,0.9888701233355102,AVOID,1.8641839535898759,4.772137383256113,0.2813991778936209,0.29,0.0
24.35000000000021,5.168601123911486,6.177939040905616,0.9888701233355102,AVOID,1.8501671391200882,4.7585339553834265,0.28352324475700186,0.2886936709521671,0.0
24.40000000000021,5.176534918448548,6.189997854834162,0.9888701233355102,RUN,1.8362324293045968,4.74499707962817,0.28585137468561295,0.58,-1.59785947307026
24.450000000000212,5.193424615945348,6.213562465580317,0.9089771496819967,RUN,1.8263970348101621,4.717441074111436,0.29002555395976337,0.58,-0.5367531173063893
24.500000000000213,5.211551482157121,6.236197974064702,0.8821394938166769,RUN,1.81152665869898,4.689450267452461,0.29352664106557635,0.58,-0.5792125902854606
24.550000000000214,5.230302631000605,6.258318906200021,0.8531788643024036,RUN,1.802374101846902,4.66126951311992,0.297083830237564,0.58,-0.5059251957425432
24.600000000000215,5.249647073418901,6.279923250719204,0.8278826045152767,RUN,1.7581044019850904,4.632921820610985,0.30071593132916463,0.58,-0.45300638503097246
24.650000000000215,5.2695039398589065,6.301057793545066,0.8052322852637284,RUN,1.7154337740275687,4.6044424079916615,0.30450999113844457,0.58,-0.40436820807309637
24.700000000000216,5.289809304052632,6.321761984821154,0.7850138748600735,RUN,1.677283307250054,4.575857719187031,0.30853473345067783,0.58,-0.36111014475937303
24.750000000000217,5.310507212677864,6.3420738958964105,0.766958367622105,RUN,1.6423080801576122,4.5471890440773794,0.3128512332671336,0.58,-0.3224772952241812
24.800000000000217,5.331549264059601,6.362029192276326,0.7508345028608958,RUN,1.609585643728015,4.518453361983938,0.31751256355863,0.58,-0.28799141460165584
24.850000000000218,5.3528934520169855,6.381661082377045,0.736434932130813,RUN,1.578463212469026,4.489664225738883,0.32256459058612486,0.58,-0.257204040012881
24.90000000000022,5.374503267339771,6.401000272925289,0.7235747301301689,RUN,1.548471129408552,4.460832449203222,0.32804656455026016,0.58,-0.22971760233089344
24.95000000000022,5.396346922979131,6.420075006542694,0.7120888500136244,RUN,1.5192678599219698,4.431966659552806,0.33399167030574994,0.58,-0.20517716190072371
25.00000000000022,5.418396695551191,6.438911146106948,0.7018299919185882,RUN,1.4906036766876118,4.4030737386482475,0.34042753074500376,0.58,-0.183266092273375
25.05000000000022,5.44062836454736,6.457532290245628,0.6926666873049196,RUN,1.4622957684638112,4.37415917570548,0.3473766728903396,0.58,-0.16370189503598762
25.10000000000022,5.463020734504713,6.475959907357348,0.6844815925531202,RUN,1.4342106809514221,4.34522734892101,0.3548569629316294,0.58,-0.14623251015474895
25.150000000000222,5.4855552273735,6.4942134791861035,0.6771699670453826,RUN,1.4062516462152557,4.316281750272373,0.3628820151651031,0.58,-0.13063302410774297
25.200000000000223,5.508215534249823,6.512310647537733,0.6706383158399953,RUN,1.3783492793638779,4.287325164902749,0.37146157842610905,0.58,-0.11670273659586343
25.250000000000224,5.530987317308622,6.530267359655234,0.6648031790102022,RUN,1.350454658642293,4.258359814231057,0.3806019024863905,0.58,-0.10426254580177527
25.300000000000225,5.553857954209381,6.54809800919814,0.6595900517201136,RUN,1.322534130799967,4.22938747010298,0.3903060859775376,0.58,-0.09315261729953522
25.350000000000225,5.576816318472233,6.565815570825541,0.654932420855137,RUN,1.2945653880222452,4.200409545831619,0.4005744067036081,0.58,-0.08323030557065976
25.400000000000226,5.5998525903594745,6.5834317271548874,0.650770905576604,RUN,1.266534495259545,4.17142716880048,0.411404634700953,0.58,-0.07436830055308369
25.450000000000227,5.622958093671137,6.600956987429709,0.6470524905489499,RUN,1.2384336353915208,4.142441238359769,0.42279232807004496,0.58,-0.06645297470684311
25.500000000000227,5.646125154596456,6.618400797631703,0.6437298418136077,RUN,1.2102594006046483,4.113452471993806,0.43473111141667387,0.58,-0.05938290878669562
25.550000000000228,5.669346979376753,6.635771642056513,0.6407606963742731,RUN,1.1820115013894565,4.0844614421354155,0.44721293667129425,0.58,-0.05306757691027058
25.60000000000023,5.692617548048244,6.6530771365680685,0.6381073175287595,RUN,1.1536917956626982,4.055468605522417,0.46022832607830955,0.58,-0.04742617363825568
25.65000000000023,5.715931521961635,6.670324113876568,0.6357360088468464,RUN,1.1253035634546484,4.0264743266076115,0.4737665972363829,0.58,-0.04238656767284872
25.70000000000023,5.739284163133151,6.687518701267127,0.633616680463204,RUN,1.0968509698001299,3.997478896227415,0.4878160702034051,0.58,-0.03788436846029355
25.75000000000023,5.7626712637804225,6.70466639125298,0.6317224620401891,RUN,1.06833867153987,3.968482546490115,0.5023642568359692,0.58,-0.03386209347710149
25.80000000000023,5.7860890846465995,6.721772105648425,0.6300293573663343,RUN,1.039771533767611,3.93948546264983,0.5173980326967034,0.58,-0.030268425308632697
25.850000000000232,5.809534300925138,6.7388402535599745,0.6285159361009027,RUN,1.0111544294095072,3.910487792577029,0.5329037920211424,0.58,-0.02705754881183297
25.900000000000233,5.833003954773178,6.755874783784822,0.6271630586603112,RUN,0.9824921014406117,3.8814896543125235,0.5488675863797348,0.58,-0.024188559707623413
25.950000000000234,5.85649541354865,6.772879232087789,0.62595363067493,RUN,0.9537890719286423,3.8524911420931978,0.5652752477938823,0.58,-0.021624936886726696
26.000000000000234,5.880006333030341,6.7898567638044796,0.6248723838305938,RUN,0.9250495857463583,3.8234923311589872,0.5821124971642049,0.58,-0.019334071548893477
26.050000000000235,5.903534624984687,6.806810212191664,0.6239056802531491,RUN,0.8962775796385244,3.7944932815878722,0.5993650389431819,0.58,-0.017286847040516383
26.100000000000236,5.927078428531562,6.823742112917444,0.6230413379011233,RUN,0.8674766695429009,3.765494041355674,0.6170186430332767,0.58,-0.015457263919623274
26.150000000000237,5.950636084836333,6.840654735054898,0.6222684747051419,RUN,0.8386501507833429,3.736494648777531,0.6350592149172893,0.58,-0.013822105369020994
26.200000000000237,5.974206114719166,6.857550108914289,0.6215773694366908,RUN,0.8098010070839827,3.7074951344561544,0.6534728550323659,0.58,-0.012360638606186292
26.250000000000238,5.997787198827002,6.874430051021129,0.6209593375063815,RUN,0.7809319253804972,3.6784955228366205,0.6722459083856642,0.58,-0.011054348408538101
26.30000000000024,6.021378160059879,6.891296186520968,0.6204066200859546,RUN,0.7520453141940008,3.6494958334473115,0.6913650053814007,0.58,-0.009886699292498517
26.35000000000024,6.044977947983249,6.9081499692668515,0.6199122851213295,RUN,0.7223912632492872,3.6204960818903764,0.7108170947889072,0.58,-0.008842923258442156
26.40000000000024,6.068585624992039,6.92499269982185,0.6194701389584072,RUN,0.6923871430990555,3.59149628063234,0.7305894697320936,0.58,-0.007909830347138894
26.45000000000024,6.092200354021436,6.941825541587448,0.6190746474410505,RUN,0.6624878174258806,3.562496439635394,0.7506697875253951,0.58,-0.007075639550807346
26.50000000000024,6.1158213876253384,6.958649535248625,0.6187208654635103,RUN,0.6326892307458437,3.5334965668612277,0.7710460841221776,0.58,-0.006329827886823065
26.550000000000242,6.139448058264712,6.975465611707733,0.6184043740691694,RUN,0.6029878986251149,3.504496668673473,0.7917067838799705,0.58,-0.005662995678893724
26.600000000000243,6.163079769667718,6.992274603662807,0.6181212242852245,AVOID,0.5733808232383859,3.47549675015902,0.8126407052858375,0.29,-1.5271630954950384
26.650000000000244,6.175205991342725,7.000218318872593,0.5417630695104725,AVOID,0.5532793277509064,3.461009673999597,0.8027243271899914,0.29,-1.5271630954950384
26.700000000000244,6.187902856980655,7.0072138507621595,0.46540491473572043,AVOID,0.5397103350007708,3.4466051381572194,0.7887438319863046,0.29,-1.5271630954950384
26.750000000000245,6.201096372608273,7.013220431222736,0.3890467599609684,AVOID,0.5323423118015904,3.4323686530350055,0.7751133655999273,0.29,-0.6544984694978735
26.800000000000246,6.214600392927964,7.018499888813582,0.3563218364860745,AVOID,0.5236480375178164,3.4183027457656294,0.7617936475034813,0.29,-0.6544984694978735
26.850000000000247,6.228269922036225,7.023334680557449,0.32359691301118065,AVOID,0.5162857342301989,3.404363877463159,0.7486981177935227,0.29,-0.6544984694978735
26.900000000000247,6.242090322258903,7.027719629238239,0.2908719895362868,AVOID,0.5102993534510808,3.390568632467149,0.7358482207674472,0.29,-0.6544984694978735
26.950000000000248,6.256046794365276,7.031650039343074,0.2581470660613929,AVOID,0.5057623636475709,3.3769336330954447,0.7232657524237421,0.29,-0.6544984694978735
27.00000000000025,6.270124393415442,7.035121702090367,0.22542214258649906,AVOID,0.5027844354164794,3.3634755169350745,0.7109728175145426,0.29,-0.6544984694978735
27.05000000000025,6.284308044763731,7.038130899936694,0.1926972191116052,AVOID,0.5015218838318907,3.3502109129901356,0.698991779210843,0.29,-0.6544984694978735
27.10000000000025,6.298582560201018,7.040674410557628,0.15997229563671134,AVOID,0.5021940727720514,3.3371564166957755,0.6873452009086957,0.29,-0.6544984694978735
27.15000000000025,6.312932654218636,7.042749510298288,0.12724737216181747,AVOID,0.5051098764645064,3.324328563815872,0.6760557797748711,0.29,0.0
27.20000000000025,6.327315421302542,7.044589621982426,0.12724737216181747,AVOID,0.4944904707216087,3.3116268817102634,0.664990248048856,0.29,0.0
27.250000000000252,6.341698188386448,7.046429733666564,0.12724737216181747,AVOID,0.48391816407684873,3.2989400278165086,0.6540016292492424,0.29,0.0
27.300000000000253,6.356080955470354,7.048269845350702,0.12724737216181747,AVOID,0.4733938566040309,3.2862681738704667,0.6430921657319532,0.29,0.0
27.350000000000254,6.37046372255426,7.05010995703484,0.12724737216181747,AVOID,0.46291848453248796,3.2736114940624637,0.6322641707562254,0.29,0.0
27.400000000000254,6.384846489638166,7.051950068718978,0.12724737216181747,AVOID,0.45249302228376187,3.2609701650769236,0.6215200302958409,0.29,0.0
27.450000000000255,6.399229256722072,7.053790180403116,0.12724737216181747,AVOID,0.44211848465977155,3.248344366132655,0.610862204826664,0.29,0.0
27.500000000000256,6.413612023805978,7.055630292087254,0.12724737216181747,AVOID,0.43179592919651044,3.2357342790238053,0.6002932310803325,0.29,0.0
27.550000000000257,6.427994790889884,7.057470403771392,0.12724737216181747,AVOID,0.4215264586988563,3.2231400881614887,0.5898157237528036,0.29,0.0
27.600000000000257,6.44237755797379,7.05931051545553,0.12724737216181747,AVOID,0.4113112239738619,3.2105619806161028,0.5794323771552349,0.29,0.0
27.650000000000258,6.456760325057696,7.061150627139668,0.12724737216181747,AVOID,0.40115142678188864,3.198000146160337,0.5691459667933833,0.29,0.0
27.70000000000026,6.471143092141602,7.062990738823806,0.12724737216181747,AVOID,0.3910483230272316,3.185454777312885,0.5589593508603231,0.08,0.0
27.75000000000026,6.475110752026818,7.06349835584012,0.12724737216181747,AVOID,0.3882714107951881,3.181996909546661,0.556167202582733,0.08,0.0
27.80000000000026,6.479078411912033,7.064005972856434,0.12724737216181747,AVOID,0.3854989409021292,3.178540313795551,0.5533829349600002,0.08,0.0
27.85000000000026,6.483046071797248,7.064513589872749,0.12724737216181747,AVOID,0.3827309420862426,3.1750849942139405,0.5506066113928475,0.08,0.0
27.90000000000026,6.487013731682463,7.065021206889063,0.12724737216181747,AVOID,0.3799674434534155,3.1716309549727812,0.5478382957800897,0.08,0.0
27.950000000000262,6.490981391567678,7.065528823905377,0.12724737216181747,AVOID,0.37720847448382744,3.168178200259666,0.5450780525203932,0.08,0.0
28.000000000000263,6.494949051452894,7.066036440921692,0.12724737216181747,AVOID,0.3744540650386905,3.1647267342789007,0.5423259465139664,0.08,0.0
28.050000000000264,6.498916711338109,7.066544057938006,0.12724737216181747,AVOID,0.37170424536715274,3.16127656125158,0.5395820431641772,0.08,0.0
28.100000000000264,6.502884371223324,7.06705167495432,0.12724737216181747,AVOID,0.3689590461133616,3.1578276854156613,0.5368464083790955,0.08,0.0
28.150000000000265,6.506852031108539,7.0675592919706345,0.12724737216181747,AVOID,0.3662184983236947,3.15438011102604,0.534119108572957,0.08,0.0
28.200000000000266,6.510819690993754,7.068066908986949,0.12724737216181747,AVOID,0.363482633454164,3.1509338423546236,0.5314002106675474,0.08,0.0
28.250000000000266,6.5147873508789695,7.068574526003263,0.12724737216181747,AVOID,0.360751483377996,3.147488883690408,0.5286897820935016,0.08,0.0
28.300000000000267,6.518755010764185,7.069082143019577,0.12724737216181747,AVOID,0.3580250803933964,3.1440452393395533,0.5259878907915155,0.08,0.0
28.350000000000268,6.5227226706494,7.069589760035892,0.12724737216181747,AVOID,0.3553034572315003,3.14060291362546,0.5232946052134707,0.08,0.0
28.40000000000027,6.526690330534615,7.070097377052206,0.12724737216181747,AVOID,0.35258664706451737,3.1371619108888447,0.520609994323462,0.08,0.0
28.45000000000027,6.53065799041983,7.07060499406852,0.12724737216181747,AVOID,0.34987468351407697,3.133722235487818,0.5179341275987329,0.08,0.0
28.50000000000027,6.5346256503050455,7.071112611084835,0.12724737216181747,AVOID,0.3471676006597756,3.1302838917979603,0.515267075030509,0.08,0.0
28.55000000000027,6.538593310190261,7.071620228101149,0.12724737216181747,AVOID,0.3444654330479409,3.1268468842124015,0.5126089071247298,0.08,0.0
28.60000000000027,6.542560970075476,7.072127845117463,0.12724737216181747,AVOID,0.3417682157006082,3.1234112171418964,0.5099596949026752,0.08,0.0
28.650000000000272,6.546528629960691,7.0726354621337775,0.12724737216181747,AVOID,0.3390759841247257,3.119976895014904,0.5073195099014811,0.08,0.0
28.700000000000273,6.550496289845906,7.073143079150092,0.12724737216181747,AVOID,0.33638877432159026,3.1165439222776663,0.5046884241745436,0.08,0.0
28.750000000000274,6.5544639497311215,7.073650696166406,0.12724737216181747,AVOID,0.3337066227965205,3.1131123033942862,0.5020665102918065,0.08,0.0
28.800000000000274,6.558431609616337,7.07415831318272,0.12724737216181747,AVOID,0.33102956656877774,3.109682042846808,0.499453841339929,0.08,0.0
28.850000000000275,6.562399269501552,7.074665930199035,0.12724737216181747,AVOID,0.32835764318174104,3.106253145135296,0.4968504909223297,0.08,0.0
28.900000000000276,6.566366929386767,7.075173547215349,0.12724737216181747,AVOID,0.3256908907133426,3.102825614777913,0.49425653315910456,0.08,0.0
28.950000000000276,6.570334589271982,7.075681164231663,0.12724737216181747,AVOID,0.323029347786775,3.099399456311005,0.49167204268681264,0.08,0.0
29.000000000000277,6.574302249157197,7.076188781247978,0.12724737216181747,AVOID,0.32037305358147644,3.0959746742891765,0.48909709465812834,0.08,0.0
29.050000000000278,6.578269909042413,7.076696398264292,0.12724737216181747,AVOID,0.3177220478444039,3.0925512732853746,0.4865317647413552,0.08,0.0
29.10000000000028,6.582237568927628,7.077204015280606,0.12724737216181747,AVOID,0.3150763709016043,3.0891292578909693,0.48397612911979637,0.08,0.0
29.15000000000028,6.586205228812843,7.0777116322969205,0.12724737216181747,AVOID,0.3124360636700908,3.085708632715835,0.48143026449098103,0.08,0.0
29.20000000000028,6.590172888698058,7.078219249313235,0.12724737216181747,AVOID,0.30980116767003707,3.082289402388434,0.4788942480657381,0.08,0.0
29.25000000000028,6.594140548583273,7.078726866329549,0.12724737216181747,AVOID,0.30717172503729834,3.078871571555895,0.47636815756711826,0.08,0.0
29.30000000000028,6.5981082084684886,7.079234483345863,0.12724737216181747,AVOID,0.3045477785362709,3.075455144884101,0.4738520712291555,0.08,0.0
29.350000000000282,6.602075868353704,7.079742100362178,0.12724737216181747,AVOID,0.3019293715731002,3.0720401270577677,0.4713460677954684,0.08,0.0
29.400000000000283,6.606043528238919,7.080249717378492,0.12724737216181747,AVOID,0.29931654820924913,3.0686265227805296,0.46885022651769304,0.08,0.0
29.450000000000284,6.610011188124134,7.080757334394806,0.12724737216181747,AVOID,0.29670935317544184,3.0652143367750226,0.4663646271537468,0.08,0.0
29.500000000000284,6.613978848009349,7.081264951411121,0.12724737216181747,AVOID,0.29410783188599043,3.061803573782969,0.46388934996591635,0.08,0.0
29.550000000000285,6.6179465078945645,7.081772568427435,0.12724737216181747,AVOID,0.2915120304535228,3.0583942385652607,0.4614244757187663,0.08,0.0
29.600000000000286,6.62191416777978,7.082280185443749,0.12724737216181747,AVOID,0.28892199570412086,3.0549863359020444,0.45897008567686526,0.08,0.0
29.650000000000286,6.625881827664995,7.0827878024600635,0.12724737216181747,AVOID,0.28633777519288695,3.051579870592808,0.4565262616023228,0.08,0.0
29.700000000000287,6.62984948755021,7.083295419476378,0.12724737216181747,AVOID,0.283759417219952,3.0481748474564636,0.4540930857521355,0.08,0.0
29.750000000000288,6.633817147435425,7.083803036492692,0.12724737216181747,AVOID,0.28118697084693905,3.044771271331437,0.45167064087533515,0.08,0.0
29.80000000000029,6.6377848073206405,7.084310653509006,0.12724737216181747,AVOID,0.2786204859139013,3.04136914707575,0.44925901020993697,0.08,0.0
29.85000000000029,6.641752467205856,7.084818270525321,0.12724737216181747,AVOID,0.2760600130567502,3.037968479567109,0.4468582774796811,0.08,0.0
29.90000000000029,6.645720127091071,7.085325887541635,0.12724737216181747,AVOID,0.27350560372518884,3.034569273702993,0.4444685268905655,0.08,0.0
29.95000000000029,6.649687786976286,7.085833504557949,0.12724737216181747,AVOID,0.27095731020117303,3.031171534400739,0.44208984312716326,0.08,0.0
30.00000000000029,6.653655446861501,7.0863411215742635,0.12724737216181747,AVOID,0.268415185617916,3.02777526659763,0.43972231134872175,0.08,0.0
30.050000000000292,6.657623106746716,7.086848738590578,0.12724737216181747,AVOID,0.26587928397945587,3.024380475250984,0.4373660171850372,0.08,0.0
30.100000000000293,6.661590766631932,7.087356355606892,0.12724737216181747,AVOID,0.2633496601808111,3.020987165338242,0.43502104673210273,0.08,0.0
30.150000000000293,6.665558426517147,7.087863972623206,0.12724737216181747,AVOID,0.2608263700287393,3.0175953418570565,0.43268748654752276,0.08,0.0
30.200000000000294,6.669526086402362,7.088371589639521,0.12724737216181747,AVOID,0.2583094702631264,3.014205009825381,0.43036542364569064,0.08,0.0
30.250000000000295,6.673493746287577,7.088879206655835,0.12724737216181747,AVOID,0.25579901857902815,3.010816174281559,0.42805494549272516,0.08,0.0
30.300000000000296,6.677461406172792,7.089386823672149,0.12724737216181747,AVOID,0.2532950736493884,3.007428840284415,0.42575614000116035,0.08,0.0
30.350000000000296,6.681429066058008,7.089894440688464,0.12724737216181747,AVOID,0.25079769514845895,3.004043012913344,0.4234690955243853,0.08,0.0
30.400000000000297,6.685396725943223,7.090402057704778,0.12724737216181747,AVOID,0.24830694377595092,3.0006586972684013,0.42119390085082875,0.08,0.0
30.450000000000298,6.689364385828438,7.090909674721092,0.12724737216181747,AVOID,0.24582288128194074,2.9972758984703955,0.41893064519788403,0.08,0.0
30.5000000000003,6.693332045713653,7.0914172917374065,0.12724737216181747,AVOID,0.24334557049256467,2.9938946216609787,0.416679418205571,0.08,0.0
30.5500000000003,6.697299705598868,7.091924908753721,0.12724737216181747,AVOID,0.2408750753365298,2.9905148720027386,0.4144403099299282,0.08,0.0
30.6000000000003,6.7012673654840835,7.092432525770035,0.12724737216181747,AVOID,0.23841146087247406,2.987136654679289,0.4122134108361343,0.08,0.0
30.6500000000003,6.705235025369299,7.092940142786349,0.12724737216181747,AVOID,0.23595479331720914,2.9837599748953654,0.40999881179135134,0.08,0.0
30.7000000000003,6.709202685254514,7.093447759802664,0.12724737216181747,AVOID,0.23350514007488193,2.980384837876916,0.40779660405728735,0.08,0.0
30.750000000000302,6.713170345139729,7.093955376818978,0.12724737216181747,AVOID,0.2310625697670894,2.9770112488711944,0.4056068792824735,0.08,0.0
30.800000000000303,6.717138005024944,7.094462993835292,0.12724737216181747,AVOID,0.22862715226398778,2.973639213146855,0.4034297294942528,0.08,0.0
30.850000000000303,6.7211056649101595,7.094970610851607,0.12724737216181747,AVOID,0.2261989587164343,2.970268735994046,0.4012652470904735,0.08,0.0
30.900000000000304,6.725073324795375,7.095478227867921,0.12724737216181747,AVOID,0.22377806158920682,2.966899822724503,0.399113524830887,0.08,0.0
30.950000000000305,6.72904098468059,7.095985844884235,0.12724737216181747,AVOID,0.22136453469534062,2.9635324786716453,0.39697465582824354,0.08,0.0
31.000000000000306,6.733008644565805,7.0964934619005495,0.12724737216181747,AVOID,0.21895845323163576,2.9601667091906703,0.3948487335390827,0.08,0.0
31.050000000000306,6.73697630445102,7.097001078916864,0.12724737216181747,AVOID,0.21655989381537744,2.95680251965865,0.3927358517542153,0.08,0.0
31.100000000000307,6.740943964336235,7.097508695933178,0.12724737216181747,AVOID,0.21416893452232466,2.953439915474625,0.39063610458889375,0.08,0.0
31.150000000000308,6.744911624221451,7.098016312949492,0.12724737216181747,AVOID,0.21178565492602153,2.9500789020597025,0.3885495864726647,0.08,0.0
31.20000000000031,6.748879284106666,7.098523929965807,0.12724737216181747,AVOID,0.20941013613848303,2.9467194848571516,0.3864763921389047,0.08,0.0
31.25000000000031,6.752846943991881,7.099031546982121,0.12724737216181747,AVOID,0.20704246085232153,2.9433616693325027,0.3844166166140316,0.08,0.0
31.30000000000031,6.756814603877096,7.099539163998435,0.12724737216181747,AVOID,0.20468271338437194,2.9400054609736417,0.3823703552063915,0.08,0.0
31.35000000000031,6.760782263762311,7.10004678101475,0.12724737216181747,AVOID,0.20233097972088232,2.9366508652909107,0.38033770349481666,0.08,0.0
31.40000000000031,6.764749923647527,7.100554398031064,0.12724737216181747,AVOID,0.1999873475643415,2.9332978878172042,0.37831875731685294,0.08,0.0
31.450000000000312,6.768717583532742,7.101062015047378,0.12724737216181747,AVOID,0.19765190638201308,2.92994653410807,0.3763136127566522,0.08,0.0
31.500000000000313,6.772685243417957,7.1015696320636925,0.12724737216181747,AVOID,0.19532474745625616,2.9265968097418047,0.3743223661325291,0.08,0.0
31.550000000000313,6.776652903303172,7.102077249080007,0.12724737216181747,AVOID,0.19300596393671232,2.923248720319557,0.3723451139841796,0.08,0.0
31.600000000000314,6.780620563188387,7.102584866096321,0.12724737216181747,AVOID,0.19069565089444318,2.919902271465425,0.37038195305955735,0.08,0.0
31.650000000000315,6.7845882230736025,7.103092483112635,0.12724737216181747,AVOID,0.18839390537811113,2.916557468826556,0.3684329803014088,0.08,0.0
31.700000000000315,6.788555882958818,7.10360010012895,0.12724737216181747,AVOID,0.18610082647229598,2.9132143180732486,0.3664982928334637,0.08,0.0
31.750000000000316,6.792523542844033,7.104107717145264,0.12724737216181747,AVOID,0.18381651535804971,2.9098728248990544,0.3645779879462785,0.08,0.0
31.800000000000317,6.796491202729248,7.104615334161578,0.12724737216181747,AVOID,0.1815410753757939,2.9065329950208754,0.36267216308273453,0.08,0.0
31.850000000000318,6.800458862614463,7.105122951177893,0.12724737216181747,AVOID,0.17927461209067186,2.9031948341790703,0.36078091582318683,0.08,0.0
31.90000000000032,6.8044265224996785,7.105630568194207,0.12724737216181747,AVOID,0.17701723336047437,2.899858348137553,0.35890434387026404,0.08,0.0
31.95000000000032,6.808394182384894,7.106138185210521,0.12724737216181747,AVOID,0.1747690494062647,2.8965235426838976,0.35704254503331956,0.08,0.0
32.00000000000032,6.812361842270109,7.1066458022268355,0.12724737216181747,AVOID,0.17253017288583417,2.8931904236294392,0.3551956172125319,0.08,0.0
32.05000000000032,6.816329502155324,7.10715341924315,0.12724737216181747,AVOID,0.17030071897012738,2.8898589968093797,0.35336365838265626,0.08,0.0
32.100000000000314,6.820297162040539,7.107661036259464,0.12724737216181747,AVOID,0.16808080542278891,2.886529268082888,0.3515467665764257,0.08,0.0
32.15000000000031,6.8242648219257545,7.108168653275778,0.12724737216181747,AVOID,0.16587055268298528,2.883201243333207,0.34974503986760386,0.08,0.0
32.20000000000031,6.82823248181097,7.108676270292093,0.12724737216181747,AVOID,0.16367008395167132,2.8798749284677574,0.34795857635368954,0.08,0.0
32.250000000000306,6.832200141696185,7.109183887308407,0.12724737216181747,AVOID,0.1614795252814748,2.8765503294182406,0.3461874741382739,0.08,0.0
32.3000000000003,6.8361678015814,7.109691504324721,0.12724737216181747,AVOID,0.15929900567039196,2.8732274521407466,0.3444318313130521,0.08,0.0
32.3500000000003,6.840135461466615,7.110199121341036,0.12724737216181747,AVOID,0.1571286571594871,2.869906302615858,0.3426917459394917,0.08,0.0
32.4000000000003,6.84410312135183,7.11070673835735,0.12724737216181747,AVOID,0.1549686149348134,2.866586886848756,0.34096731603015895,0.08,0.0
32.450000000000294,6.848070781237046,7.111214355373664,0.12724737216181747,AVOID,0.15281901743377624,2.8632692108693276,0.3392586395297056,0.08,0.0
32.50000000000029,6.852038441122261,7.1117219723899785,0.12724737216181747,AVOID,0.15068000645618057,2.859953280732271,0.3375658142955198,0.08,0.0
32.55000000000029,6.856006101007476,7.112229589406293,0.12724737216181747,AVOID,0.14855172728021715,2.8566391025172044,0.3358889380780433,0.08,0.0
32.600000000000286,6.859973760892691,7.112737206422607,0.12724737216181747,AVOID,0.14643432878365714,2.853326682328772,0.33422810850075924,0.08,0.0
32.65000000000028,6.863941420777906,7.113244823438921,0.12724737216181747,AVOID,0.14432796357054722,2.8500160262967533,0.3325834230398532,0.08,0.0
32.70000000000028,6.867909080663122,7.113752440455236,0.12724737216181747,AVOID,0.14223278810371043,2.84670714057617,0.33095497900355386,0.08,0.0
32.75000000000028,6.871876740548337,7.11426005747155,0.12724737216181747,AVOID,0.14014896284338563,2.843400031347396,0.32934287351115477,0.08,0.0
32.800000000000274,6.875844400433552,7.114767674487864,0.12724737216181747,AVOID,0.13807665239235234,2.840094704816266,0.32774720347172615,0.08,0.0
32.85000000000027,6.879812060318767,7.115275291504179,0.12724737216181747,AVOID,0.13601602564792192,2.8367911672141837,0.3261680655625181,0.08,0.0
32.90000000000027,6.883779720203982,7.115782908520493,0.12724737216181747,AVOID,0.13396725596118925,2.833489424798234,0.32460555620706477,0.08,0.0
32.950000000000266,6.8877473800891975,7.116290525536807,0.12724737216181747,AVOID,0.1319305213039838,2.8301894838512927,0.32305977155299204,0.08,0.0
33.00000000000026,6.891715039974413,7.1167981425531215,0.12724737216181747,AVOID,0.12990600444397016,2.826891350682135,0.3215308074495391,0.08,0.0
33.05000000000026,6.895682699859628,7.117305759569436,0.12724737216181747,AVOID,0.12789389312839683,2.823595031625549,0.32001875942479774,0.08,0.0
33.10000000000026,6.899650359744843,7.11781337658575,0.12724737216181747,AVOID,0.12589438027702143,2.8203005330424458,0.3185237226626785,0.08,0.0
33.150000000000254,6.903618019630058,7.118320993602064,0.12724737216181747,AVOID,0.12390766418477422,2.8170078613199716,0.317045791979612,0.08,0.0
33.20000000000025,6.9075856795152735,7.118828610618379,0.12724737216181747,AVOID,0.12193394873477575,2.813717022871621,0.31558506180099155,0.08,0.0
33.25000000000025,6.911553339400489,7.119336227634693,0.12724737216181747,AVOID,0.11997344362235551,2.810428024137348,0.3141416261373686,0.08,0.0
33.300000000000246,6.915520999285704,7.119843844651007,0.12724737216181747,AVOID,0.11802636459078214,2.807140871583679,0.312715578560408,0.08,0.0
33.35000000000024,6.919488659170919,7.120351461667322,0.12724737216181747,AVOID,0.11609293367945694,2.803855571703827,0.3113070121786138,0.08,0.0
33.40000000000024,6.923456319056134,7.120859078683636,0.12724737216181747,AVOID,0.11417337948539064,2.8005721310178058,0.309916019612835,0.08,0.0
33.45000000000024,6.927423978941349,7.12136669569995,0.12724737216181747,AVOID,0.11226793743884222,2.797290556072542,0.30854269297156234,0.08,0.0
33.500000000000234,6.931391638826565,7.1218743127162645,0.12724737216181747,AVOID,0.11037685009406939,2.7940108534419923,0.30718712382602686,0.08,0.0
33.55000000000023,6.93535929871178,7.122381929732579,0.12724737216181747,AVOID,0.10850036743621705,2.7907330297272557,0.3058494031851102,0.08,0.0
33.60000000000023,6.939326958596995,7.122889546748893,0.12724737216181747,AVOID,0.1066387472054543,2.787457091556691,0.30452962147008134,0.08,0.0
33.650000000000226,6.94329461848221,7.123397163765207,0.12724737216181747,AVOID,0.10479225523955965,2.7841830455860306,0.30322786848916816,0.08,0.0
33.70000000000022,6.947262278367425,7.123904780781522,0.12724737216181747,AVOID,0.10296116583625686,2.780910898498498,0.30194423341198007,0.08,0.0
33.75000000000022,6.951229938252641,7.124412397797836,0.12724737216181747,AVOID,0.10114576213671089,2.7776406570049232,0.3006788047437916,0.08,0.0
33.80000000000022,6.955197598137856,7.12492001481415,0.12724737216181747,AVOID,0.09934633653171765,2.77437232784386,0.29943167029970286,0.08,0.0
33.850000000000215,6.959165258023071,7.125427631830465,0.12724737216181747,AVOID,0.09756319109225003,2.771105917781704,0.2982029171786885,0.08,0.0
33.90000000000021,6.963132917908286,7.125935248846779,0.12724737216181747,AVOID,0.09579663802617527,2.7678414336128068,0.2969926317375512,0.08,0.0
33.95000000000021,6.967100577793501,7.126442865863093,0.12724737216181747,AVOID,0.0940470001631108,2.7645788821595985,0.2958008995647927,0.08,0.0
34.000000000000206,6.9710682376787165,7.1269504828794075,0.12724737216181747,AVOID,0.09231461146957254,2.7613182702727035,0.2946278054544186,0.08,0.0
34.0500000000002,6.975035897563932,7.127458099895722,0.12724737216181747,AVOID,0.090599817596765,2.758059604831058,0.29347343337969145,0.08,0.0
34.1000000000002,6.979003557449147,7.127965716912036,0.12724737216181747,AVOID,0.0889029764635747,2.7548028927420325,0.292337866466848,0.08,0.0
34.1500000000002,6.982971217334362,7.12847333392835,0.12724737216181747,AVOID,0.0872244588775789,2.751548140941548,0.2912211869687964,0.08,0.0
34.200000000000195,6.986938877219577,7.128980950944665,0.12724737216181747,AVOID,0.08556464919714618,2.7482953563941974,0.2901234762388104,0.08,0.0
34.25000000000019,6.9909065371047925,7.129488567960979,0.12724737216181747,AVOID,0.08392394603800102,2.7450445460933643,0.2890448147042366,0.08,0.0
34.30000000000019,6.994874196990008,7.129996184977293,0.12724737216181747,AVOID,0.08230276302796602,2.7417957170613465,0.2879852818402311,0.08,0.0
34.350000000000186,6.998841856875223,7.130503801993608,0.12724737216181747,AVOID,0.0807015296139581,2.738548876349473,0.28694495614354487,0.08,0.0
34.40000000000018,7.002809516760438,7.131011419009922,0.12724737216181747,AVOID,0.07912069192573568,2.735304031038228,0.2859239151063726,0.08,0.0
34.45000000000018,7.006777176645653,7.131519036026236,0.12724737216181747,AVOID,0.07756071370135487,2.7320611882373718,0.28492223519028537,0.08,0.0
34.50000000000018,7.010744836530868,7.1320266530425505,0.12724737216181747,AVOID,0.07602207727981491,2.7288203550860612,0.2839399918002632,0.08,0.0
34.550000000000175,7.014712496416084,7.132534270058865,0.12724737216181747,AVOID,0.07450528466695855,2.725581538752975,0.28297725925884654,0.08,0.0
34.60000000000017,7.018680156301299,7.133041887075179,0.12724737216181747,AVOID,0.07301085868135004,2.7223447464364345,0.28203411078042584,0.08,0.0
34.65000000000017,7.022647816186514,7.133549504091493,0.12724737216181747,AVOID,0.071539344187597,2.719109985364526,0.2811106184456865,0.08,0.0
34.700000000000166,7.026615476071729,7.134057121107808,0.12724737216181747,AVOID,0.07009130942541408,2.7158772627952263,0.2802068531762283,0.08,0.0
34.75000000000016,7.030583135956944,7.134564738124122,0.12724737216181747,AVOID,0.06866734744368913,2.712646586016525,0.2793228847093786,0.08,0.0
34.80000000000016,7.03455079584216,7.135072355140436,0.12724737216181747,AVOID,0.06726807764986903,2.7094179623465493,0.2784587815732189,0.08,0.0
34.85000000000016,7.038518455727375,7.1355799721567506,0.12724737216181747,AVOID,0.06589414748622557,2.7061913991336874,0.27761461106184226,0.08,0.0
34.900000000000155,7.04248611561259,7.136087589173065,0.12724737216181747,AVOID,0.0645462342459352,2.7029669037567152,0.27679043921086177,0.08,0.0
34.95000000000015,7.046453775497805,7.136595206189379,0.12724737216181747,AVOID,0.06322504704351622,2.699744483624919,0.27598633077319,0.08,0.0
35.00000000000015,7.05042143538302,7.1371028232056934,0.12724737216181747,AVOID,0.06193132895597042,2.696524146178224,0.27520234919510667,0.08,0.0
35.050000000000146,7.0543890952682355,7.137610440222008,0.12724737216181747,AVOID,0.060665859353081164,2.693305898887317,0.2744385565926363,0.08,0.0
35.10000000000014,7.058356755153451,7.138118057238322,0.12724737216181747,AVOID,0.05942945643770747,2.690089749253775,0.27369501372825233,0.08,0.0
35.15000000000014,7.062324415038666,7.138625674254636,0.12724737216181747,AVOID,0.05822298001970172,2.68687570481019,0.2729717799879299,0.08,0.0
35.20000000000014,7.066292074923881,7.139133291270951,0.12724737216181747,AVOID,0.05704733455027294,2.6836637731202977,0.2722689133585635,0.08,0.0
35.250000000000135,7.070259734809096,7.139640908287265,0.12724737216181747,AVOID,0.05590347244734095,2.6804539617791034,0.27158647040577044,0.08,0.0
35.30000000000013,7.0742273946943115,7.140148525303579,0.12724737216181747,AVOID,0.054792397746763644,2.6772462784130098,0.27092450625209763,0.08,0.0
35.35000000000013,7.078195054579527,7.1406561423198935,0.12724737216181747,AVOID,0.05371517011935101,2.674040730679944,0.27028307455565215,0.08,0.0
35.40000000000013,7.082162714464742,7.141163759336208,0.12724737216181747,AVOID,0.052672909299519566,2.670837326269488,0.26966222748917157,0.08,0.0
35.450000000000124,7.086130374349957,7.141671376352522,0.12724737216181747,AVOID,0.051666799978370676,2.667636072903005,0.269062015719555,0.08,0.0
35.50000000000012,7.090098034235172,7.142178993368836,0.12724737216181747,AVOID,0.05069809722218466,2.6644369783337685,0.26848248838787014,0.08,0.0
35.55000000000012,7.0940656941203875,7.142686610385151,0.12724737216181747,AVOID,0.04976813248701775,2.6612400503470934,0.2679236930898572,0.08,0.0
35.600000000000115,7.098033354005603,7.143194227401465,0.12724737216181747,AVOID,0.04887832031161635,2.6580452967604633,0.2673856758569434,0.08,0.0
35.65000000000011,7.102001013890818,7.143701844417779,0.12724737216181747,AVOID,0.048030165784613305,2.6548527254236602,0.2668684811377897,0.08,0.0
35.70000000000011,7.105968673776033,7.144209461434094,0.12724737216181747,AVOID,0.047225272898443665,2.651662344218897,0.26637215178038165,0.08,0.0
35.75000000000011,7.109936333661248,7.144717078450408,0.12724737216181747,AVOID,0.04646535392225379,2.6484741610609444,0.26589672901468486,0.08,0.0
35.800000000000104,7.113903993546463,7.145224695466722,0.12724737216181747,AVOID,0.0457522399500416,2.6452881838972653,0.2654422524358786,0.08,0.0
35.8500000000001,7.117871653431679,7.1457323124830365,0.12724737216181747,AVOID,0.045087892809415386,2.6421044207081428,0.2650087599881842,0.08,0.0
35.9000000000001,7.121839313316894,7.146239929499351,0.12724737216181747,AVOID,0.044474418551941064,2.6389228795068127,0.2645962879493031,0.08,0.0
35.950000000000095,7.125806973202109,7.146747546515665,0.12724737216181747,AVOID,0.0439140827897766,2.635743568339596,0.26420487091547873,0.08,0.0
36.00000000000009,7.129774633087324,7.147255163531979,0.12724737216181747,AVOID,0.043409328197305475,2.632566495286029,0.263834541787197,0.08,0.0
36.05000000000009,7.133742292972539,7.147762780548294,0.12724737216181747,AVOID,0.04296279456364055,2.629391668458996,0.2634853317555388,0.08,0.0
36.10000000000009,7.137709952857755,7.148270397564608,0.12724737216181747,AVOID,0.04257734186589354,2.6262190960048635,0.26315727028919733,0.08,0.0
36.150000000000084,7.14167761274297,7.148778014580922,0.12724737216181747,AVOID,0.04225607693900696,2.6230487861036096,0.2628503851221725,0.08,0.0
36.20000000000008,7.145645272628185,7.149285631597237,0.12724737216181747,AVOID,0.042002384452351715,2.6198807469689602,0.26256470224215545,0.08,0.0
36.25000000000008,7.1496129325134,7.149793248613551,0.12724737216181747,AVOID,0.041819963075283906,2.616714986848521,0.26230024587961265,0.08,0.0
36.300000000000075,7.153580592398615,7.150300865629865,0.12724737216181747,AVOID,0.04171286793576995,2.6135515140239103,0.26205703849758166,0.08,0.0
36.35000000000007,7.1575482522838305,7.1508084826461795,0.12724737216181747,AVOID,0.0416855607651439,2.610390336810894,0.26183510078218786,0.08,0.0
36.40000000000007,7.161515912169046,7.151316099662494,0.12724737216181747,AVOID,0.04174296950194198,2.607231463559519,0.26163445163389154,0.08,0.0
36.45000000000007,7.165483572054261,7.151823716678808,0.12724737216181747,AVOID,0.04189055963247382,2.6040749026542476,0.2614551081594739,0.08,0.0
36.500000000000064,7.169451231939476,7.152331333695122,0.12724737216181747,AVOID,0.0421344202239434,2.600920662514093,0.26129708566476983,0.08,0.0
36.55000000000006,7.173418891824691,7.152838950711437,0.12724737216181747,AVOID,0.04248136852834347,2.597768751592752,0.26116039764815513,0.08,0.0
36.60000000000006,7.1773865517099065,7.153346567727751,0.12724737216181747,AVOID,0.04293907830679977,2.594619178378743,0.26104505579479387,0.08,0.0
36.650000000000055,7.181354211595122,7.153854184744065,0.12724737216181747,AVOID,0.04351623880227948,2.5914719513955387,0.2609510699716514,0.08,0.0
36.70000000000005,7.185321871480337,7.15436180176038,0.12724737216181747,AVOID,0.04422275381540733,2.588327079201703,0.2608784482232803,0.08,0.0
36.75000000000005,7.189289531365552,7.154869418776694,0.12724737216181747,AVOID,0.04506999399226516,2.585184570391027,0.2608271967683792,0.08,0.0
36.80000000000005,7.193257191250767,7.155377035793008,0.12724737216181747,AVOID,0.046071120820754735,2.582044433592663,0.2607973199971324,0.08,0.0
36.850000000000044,7.197224851135982,7.1558846528093225,0.12724737216181747,AVOID,0.047241508949132455,2.578906677471264,0.26078882046933016,0.08,0.0
36.90000000000004,7.201192511021198,7.156392269825637,0.12724737216181747,AVOID,0.048599305968328704,2.5757713107271174,0.260801698913272,0.08,0.0
36.95000000000004,7.205160170906413,7.156899886841951,0.12724737216181747,AVOID,0.050166188669920425,2.572638342096283,0.2608359542254548,0.08,0.0
37.000000000000036,7.209127830791628,7.157407503858265,0.12724737216181747,AVOID,0.05196840729939495,2.5695077803507287,0.2608915834710457,0.08,0.0
37.05000000000003,7.213095490676843,7.15791512087458,0.12724737216181747,AVOID,0.05403826443395841,2.5663796342984697,0.2609685818851387,0.08,0.0
37.10000000000003,7.217063150562058,7.158422737890894,0.12724737216181747,AVOID,0.056416272481572244,2.5632539127837033,0.26106694287479515,0.08,0.0
37.15000000000003,7.221030810447274,7.158930354907208,0.12724737216181747,AVOID,0.059154414396572985,2.560130624686948,0.2611866580218639,0.08,0.0
37.200000000000024,7.224998470332489,7.159437971923523,0.12724737216181747,AVOID,0.06232128723273432,2.5570097789251807,0.2613277170865812,0.08,0.0
37.25000000000002,7.228966130217704,7.159945588939837,0.12724737216181747,AVOID,0.0660106573517322,2.5538913844519735,0.2614901080119435,0.08,0.0
37.30000000000002,7.232933790102919,7.160453205956151,0.12724737216181747,AVOID,0.07035668379681802,2.550775450257634,0.2616738169288515,0.08,0.0
37.350000000000016,7.236901449988134,7.1609608229724655,0.12724737216181747,AVOID,0.07556353573354033,2.5476619853693414,0.26187882816201935,0.08,0.0
37.40000000000001,7.2408691098733495,7.16146843998878,0.12724737216181747,AVOID,0.08197064884639242,2.544550998851285,0.2621051242366419,0.08,0.0
37.45000000000001,7.244836769758565,7.161976057005094,0.12724737216181747,AVOID,0.09022633377226622,2.5414424998048037,0.2623526858858163,0.08,0.0
37.50000000000001,7.24880442964378,7.162483674021408,0.12724737216181747,AVOID,0.10193267548029444,2.5383364973685243,0.26262149205870733,0.08,0.0
37.550000000000004,7.252772089528995,7.162991291037723,0.12724737216181747,AVOID,0.126282115263262,2.5352330007184993,0.26291151992945094,0.08,0.0
37.6,7.25673974941421,7.163498908054037,0.12724737216181747,RUN,2.2,2.532132019068347,0.2632227449067861,0.58,2.0
37.65,7.28527350711377,7.168610079326738,0.22724737216181756,AVOID,0.07668235865220431,2.5088395697910872,0.2646660896671479,0.08,0.0
37.699999999999996,7.289170668084879,7.16951126541477,0.22724737216181756,AVOID,0.08035610531163878,2.5055191099619605,0.26475297173359746,0.08,0.0
37.74999999999999,7.293067829055989,7.170412451502802,0.22724737216181756,AVOID,0.08468215391858222,2.502200638202225,0.26486110650835204,0.08,0.0
37.79999999999999,7.2969649900270985,7.171313637590834,0.22724737216181756,AVOID,0.08986217152030689,2.498884162432238,0.2649904848309079,0.08,0.0
37.84999999999999,7.300862150998208,7.172214823678866,0.22724737216181756,AVOID,0.0962304665206287,2.4955696906096843,0.26514109574805655,0.08,0.0
37.899999999999984,7.304759311969318,7.173116009766898,0.22724737216181756,AVOID,0.10442250227935468,2.492257230729758,0.2653129265185138,0.08,0.0
37.94999999999998,7.308656472940427,7.17401719585493,0.22724737216181756,AVOID,0.11599301206904625,2.4889467908253504,0.26550596261829906,0.08,0.0
37.99999999999998,7.312553633911537,7.174918381942962,0.22724737216181756,AVOID,0.13933495521031952,2.4856383789672334,0.26572018774685746,0.08,0.0
38.049999999999976,7.3164507948826465,7.1758195680309935,0.22724737216181756,RUN,2.2,2.4823320032642497,0.26595558383392004,0.58,2.0
38.09999999999997,7.344331736953522,7.183753827257702,0.32724737216181765,AVOID,0.08125991351955714,2.457638614048125,0.26684688241882915,0.08,0.0
38.14999999999997,7.348119459866331,7.185039578063953,0.32724737216181765,AVOID,0.08422075014124221,2.4541374558216122,0.2668573264936439,0.08,0.0
38.19999999999997,7.351907182779141,7.186325328870204,0.32724737216181765,AVOID,0.0876572984657806,2.4506378245005447,0.2668889760163812,0.08,0.0
38.249999999999964,7.3556949056919505,7.187611079676455,0.32724737216181765,AVOID,0.09168269521688593,2.4471397266357613,0.2669418283187709,0.08,0.0
38.29999999999996,7.35948262860476,7.188896830482706,0.32724737216181765,AVOID,0.09646390557999238,2.443643168812733,0.2670158789460024,0.08,0.0
38.34999999999996,7.36327035151757,7.1901825812889575,0.32724737216181765,AVOID,0.10226634894317826,2.4401481576517687,0.2671111216586012,0.08,0.0
38.399999999999956,7.367058074430379,7.191468332095209,0.32724737216181765,AVOID,0.109561615398918,2.436654699808224,0.26722754843505603,0.08,0.0
38.44999999999995,7.370845797343189,7.19275408290146,0.32724737216181765,AVOID,0.11936128466080063,2.4331628019727107,0.26736514947519385,0.08,0.0
38.49999999999995,7.3746335202559985,7.194039833707711,0.32724737216181765,AVOID,0.13496853504361928,2.4296724708713064,0.2675239132043,0.08,0.0
38.54999999999995,7.378421243168808,7.195325584513962,0.32724737216181765,RUN,2.2,2.4261837132657673,0.2677038262779772,0.58,2.0
38.599999999999945,7.40537079245404,7.2060036551992,0.42724737216181774,AVOID,0.0825550518004026,2.400263567760276,0.2681914573457084,0.08,0.0
38.64999999999994,7.40901123163326,7.207661123926626,0.42724737216181774,AVOID,0.08496317103694556,2.396606748666348,0.2681460438334746,0.08,0.0
38.69999999999994,7.41265167081248,7.209318592654053,0.42724737216181774,AVOID,0.08773682636646943,2.3929510276620527,0.26812179859254626,0.08,0.0
38.749999999999936,7.4162921099917,7.210976061381479,0.42724737216181774,AVOID,0.09094646314803775,2.389296409787758,0.26811872366020095,0.08,0.0
38.79999999999993,7.41993254917092,7.2126335301089055,0.42724737216181774,AVOID,0.0946887238321716,2.385642900113188,0.2681368192948377,0.08,0.0
38.84999999999993,7.42357298835014,7.214290998836332,0.42724737216181774,AVOID,0.09910254655048653,2.381990503737631,0.2681760839758679,0.08,0.0
38.89999999999993,7.4272134275293595,7.215948467563758,0.42724737216181774,AVOID,0.1044007840022153,2.378339225790141,0.2682365144043547,0.08,0.0
38.949999999999925,7.4308538667085795,7.217605936291185,0.42724737216181774,AVOID,0.11094083186183827,2.37468907142974,0.26831810550439816,0.08,0.0
38.99999999999992,7.4344943058877995,7.219263405018611,0.42724737216181774,AVOID,0.11941672147402069,2.371040045845627,0.2684208504252661,0.08,0.0
39.04999999999992,7.438134745067019,7.220920873746038,0.42724737216181774,AVOID,0.1316051531125212,2.3673921542573857,0.2685447405442686,0.08,0.0
39.099999999999916,7.441775184246239,7.222578342473464,0.42724737216181774,AVOID,0.1617288535625996,2.3637454019151933,0.26868976547037204,0.08,0.0
39.14999999999991,7.445415623425459,7.224235811200891,0.42724737216181774,RUN,2.2,2.360099794100032,0.26885591304855194,0.58,1.9101006593484056
39.19999999999991,7.471195313638847,7.237493583333977,0.5227524051292383,AVOID,0.08993165712821775,2.3331679403396417,0.2693079487823359,0.08,0.0
39.24999999999991,7.474661106753978,7.239490650704676,0.5227524051292383,AVOID,0.09280053867806333,2.329388741323621,0.2692664850316233,0.08,0.0
39.299999999999905,7.4781268998691095,7.2414877180753745,0.5227524051292383,AVOID,0.09612529223610687,2.325610280890107,0.26924615855907275,0.08,0.0
39.3499999999999,7.481592692984241,7.243484785446073,0.5227524051292383,AVOID,0.10001066253835404,2.3218325626449206,0.2692469710676326,0.08,0.0
39.3999999999999,7.485058486099372,7.245481852816772,0.5227524051292383,AVOID,0.10460922456783081,2.318055590216679,0.2692689224892276,0.08,0.0
39.449999999999896,7.488524279214503,7.24747892018747,0.5227524051292383,AVOID,0.1101590599955495,2.314279367256968,0.2693120109847872,0.08,0.0
39.49999999999989,7.491990072329634,7.249475987558169,0.5227524051292383,AVOID,0.11707120123712433,2.3105038974405194,0.2693762329450149,0.08,0.0
39.54999999999989,7.495455865444765,7.2514730549288675,0.5227524051292383,AVOID,0.12618296803061968,2.3067291844653863,0.26946158299190104,0.08,0.0
39.59999999999989,7.498921658559897,7.253470122299566,0.5227524051292383,AVOID,0.13988561151748413,2.3029552320531255,0.26956805398097217,0.08,0.0
39.649999999999885,7.502387451675028,7.255467189670265,0.5227524051292383,RUN,2.2,2.299182043948974,0.26969563700428045,0.58,1.5239634544709535
39.69999999999988,7.526938783725823,7.270888773834144,0.5989505778527859,AVOID,0.10208624019673948,2.2715050031518635,0.27014730419260247,0.08,0.0
39.74999999999988,7.530242494560432,7.2731438779828,0.5989505778527859,AVOID,0.10641989937709702,2.267646178517324,0.27014430838598413,0.08,0.0
39.799999999999876,7.533546205395041,7.275398982131457,0.5989505778527859,AVOID,0.1116101344954606,2.263787843978428,0.27016242655640654,0.08,0.0
39.84999999999987,7.53684991622965,7.277654086280114,0.5989505778527859,AVOID,0.11799319850863907,2.259930002045367,0.27020165718951583,0.08,0.0
39.89999999999987,7.540153627064258,7.2799091904287705,0.5989505778527859,AVOID,0.12620941648947084,2.2560726552451826,0.27026199700683107,0.08,0.0
39.94999999999987,7.543457337898867,7.282164294577427,0.5989505778527859,AVOID,0.13783135412096045,2.252215806121901,0.27034344096711393,0.08,0.0
39.999999999999865,7.546761048733476,7.284419398726084,0.5989505778527859,AVOID,0.16153941727175403,2.2483594572366754,0.27044598226847394,0.08,0.0
40.04999999999986,7.550064759568085,7.286674502874741,0.5989505778527859,RUN,2.2,2.2445036111679286,0.2705696123512068,0.58,1.2128461958452181
40.09999999999986,7.573506401365619,7.303740015779085,0.6595928876450468,AVOID,0.1275561771987601,2.216344269515457,0.2712173575844493,0.08,0.0
40.14999999999986,7.576667368459495,7.306191196521387,0.6595928876450468,AVOID,0.13790800050848856,2.2124339634777055,0.2712723984419143,0.08,0.0
40.199999999999854,7.579828335553372,7.308642377263689,0.6595928876450468,AVOID,0.155334601510001,2.2085239786982918,0.2713485163003815,0.08,0.0
40.24999999999985,7.582989302647248,7.31109355800599,0.6595928876450468,AVOID,2.2,2.2046143168865155,0.2714457048193134,0.29,0.6544984694978735
40.29999999999985,7.594300387107183,7.320164974961922,0.6923178111199402,AVOID,0.13838735680871672,2.1903965652437676,0.27173739699849375,0.08,0.0
40.349999999999845,7.597379461393972,7.322718267255498,0.6923178111199402,AVOID,0.15434679431879544,2.186462527993074,0.2718011377032288,0.08,0.0
40.39999999999984,7.600458535680761,7.325271559549074,0.6923178111199402,AVOID,2.2,2.1825287305334684,0.27188593913435,0.29,0.6544984694978735
40.44999999999984,7.611466755601729,7.334708207864009,0.725042734594834,AVOID,0.1378018850440242,2.1682299978910655,0.2721326364430392,0.08,0.0
40.49999999999984,7.614460639931562,7.337360877579518,0.725042734594834,AVOID,0.15193938661602857,2.1642754375776683,0.2721839401649401,0.08,0.0
40.549999999999834,7.617454524261396,7.340013547295027,0.725042734594834,RUN,2.2,2.1603210445786347,0.2722562962313414,0.58,0.6808115983660079
40.59999999999983,7.638828693800663,7.359611089738002,0.7590833145131342,RUN,2.2,2.1315869913590095,0.27291665308782975,0.58,0.2332413402911993
40.64999999999983,7.659750383727334,7.37969275697594,0.7707453815276941,RUN,2.2,2.1027754506164604,0.2740193218673198,0.58,0.25221363638645433
40.699999999999825,7.680426800391967,7.400026833022478,0.7833560633470169,RUN,2.2,2.0739304627137005,0.2758716010222939,0.58,0.22212149635054704
40.74999999999982,7.7008606701699325,7.4206046930062355,0.794462138164544,RUN,2.2,2.0450556310441153,0.27847580132888483,0.58,0.20037702594360168
40.79999999999982,7.721076070601136,7.441397252989271,0.804480989461724,RUN,2.2,2.01615697309967,0.2818611651146289,0.58,0.18025706303011185
40.84999999999982,7.74109271579847,7.462381252181121,0.8134938426132297,RUN,2.2,1.987239030378522,0.286047014582545,0.58,0.16225062850957692
40.899999999999814,7.760928962604131,7.48353588997686,0.8216063740387085,RUN,2.2,1.9583055003501237,0.29104720393135286,0.58,0.14606667574109145
40.94999999999981,7.78060157347234,7.504842805367923,0.8289097078257632,RUN,2.2,1.9293593649909282,0.29686999132265424,0.58,0.1315260468548952
40.99999999999981,7.800125853895063,7.526285739939307,0.8354860101685082,RUN,2.2,1.9004030327268184,0.30351846221235956,0.58,0.11845904018899037
41.049999999999805,7.819515750154373,7.547850281771614,0.8414089621779577,RUN,2.2,1.8714384489703024,0.3109909278141444,0.58,0.10671457455165698
41.0999999999998,7.838783950989862,7.569523639640034,0.8467446909055405,RUN,2.2,1.8424671856039692,0.31928135700611837,0.58,0.09615710488318382
41.1499999999998,7.857941985989981,7.591294447501161,0.8515525461496996,RUN,2.2,1.8134905130729437,0.3283798269152278,0.58,0.08666512635898722
41.1999999999998,7.877000319984758,7.613152594480763,0.855885802467649,RUN,2.2,1.784509458509474,0.3382729841847487,0.58,0.07812969485701297
41.249999999999794,7.89596844253641,7.635089076818427,0.8597922872104995,RUN,2.2,1.7555248525998868,0.3489445076402563,0.58,0.07045311899478551
41.29999999999979,7.914854952051388,7.657095868694337,0.8633149431602387,RUN,2.2,1.7265373673816657,0.36037556342355603,0.58,0.06354778789789543
41.34999999999979,7.933667634287578,7.679165809327079,0.8664923325551337,RUN,2.2,1.6975475467321792,0.3725452444420082,0.58,0.057335122248448916
41.399999999999785,7.952413535218186,7.701292504117192,0.8693590886675562,RUN,2.1999999999999997,1.668555830967682,0.38543098715499124,0.58,0.05174463532552508
41.44999999999978,7.97109902834606,7.723470237938453,0.8719463204338327,RUN,2.1999999999999997,1.639562576695178,0.39900896012508813,0.58,0.046713092423816584
41.49999999999978,7.989729876653614,7.745693898955858,0.8742819750550233,RUN,2.1999999999999997,1.6105680728373073,0.413254420261573,0.58,0.04218375825482679
41.54999999999978,8.008311289433978,7.7679589115834755,0.8763911629677645,RUN,2.15,1.5815725535714995,0.4281420341608113,0.58,0.0381057230492025
41.599999999999774,8.026847974286449,7.790261177393694,0.8782964491202243,RUN,2.15,1.552576208780516,0.44364616331321505,0.58,0.03443329906813868
41.64999999999977,8.045344184579793,7.812597022957457,0.8800181140736312,RUN,2.1,1.523579192495459,0.4597411131391196,0.58,0.031125480113906458
41.69999999999977,8.063803762694889,7.83496315373754,0.8815743880793265,RUN,2.1,1.494581629718975,0.47640134680271107,0.58,0.028145457416519314
41.749999999999766,8.082230179357222,7.857356613278036,0.8829816609501524,RUN,2.1,1.4655836219411427,0.49360166552312557,0.58,0.025460185975329917
41.79999999999976,8.1006265693625,7.8797747470362225,0.8842546702489189,RUN,2.05,1.4365852515999267,0.5113173576615253,0.58,0.023039996061521385
41.84999999999976,8.118995763986955,7.9022151702907255,0.8854066700519949,RUN,2.05,1.4075865856894023,0.5295243192308187,0.58,0.020858245146839864
41.89999999999976,8.137340320359531,7.924675739634935,0.8864495823093366,RUN,2.0,1.3785876786795501,0.5481991486768011,0.58,0.018891006023984868
41.949999999999754,8.155662548057073,7.94715452762879,0.8873941326105355,RUN,2.0,1.3495885748797785,0.5673192188448771,0.58,0.0171167873309028
41.99999999999975,8.173964533166604,7.96964980023699,0.8882499719770802,RUN,1.9500000000000002,1.3205893103528974,0.5868627290044802,0.58,0.01551628309035048
42.04999999999975,8.192248160041611,7.9921599967291,0.8890257861315973,RUN,1.9500000000000002,1.2915899144655976,0.6068087396815235,0.58,0.014072148233048256
42.099999999999746,8.210515130962225,8.014683711757705,0.8897293935432495,RUN,1.9000000000000001,1.2625904111449469,0.627137192871832,0.58,0.012768797391624662
42.14999999999974,8.228766983892658,8.03721967936593,0.8903678334128307,RUN,1.9000000000000001,1.2335908198970482,0.6478289199962114,0.58,0.011592224538299624
42.19999999999974,8.247005108513452,8.059766758706097,0.8909474446397461,RUN,1.85,1.2045911566331862,0.6688656397271845,0.58,0.010529841293989475
42.24999999999974,8.265230760690955,8.082323921277613,0.8914739367044451,RUN,1.85,1.1755914343402174,0.690229947581264,0.58,0.009570331964944438
42.299999999999734,8.28344507553254,8.104890239515292,0.8919524533026921,RUN,1.8,1.1465916636246565,0.7119052989390183,0.58,0.008703523567222482
42.34999999999973,8.3016490791628,8.127464876578983,0.8923876294810533,RUN,1.8,1.1175918531545823,0.7338759869341193,0.58,0.007920269282589366
42.39999999999973,8.319843699343664,8.15004707721318,0.892783642945183,RUN,1.7500000000000002,1.088592010018615,0.7561271164470532,0.58,0.007212343951606422
42.449999999999726,8.338029775050288,8.172636159560163,0.8931442601427637,RUN,1.7500000000000002,1.0595921400177186,0.7786445752516161,0.58,0.00657235035826223
42.49999999999972,8.356208065104,8.195231507823799,0.8934728776606766,RUN,1.7000000000000002,1.0305922479024832,0.8014150031936677,0.58,0.005993635189949284
42.54999999999972,8.374379255954096,8.217832565692738,0.8937725594201744,RUN,1.7000000000000002,1.0015923375662148,0.8244257601321693,0.58,0.005470213675175211
42.59999999999972,8.39254396869157,8.240438830442187,0.8940460701039328,RUN,1.6500000000000001,0.9725924122020598,0.8476648932417336,0.58,0.0049967020065637404
42.649999999999714,8.41070276536992,8.263049847642208,0.8942959052042614,RUN,1.6500000000000001,0.9435924744310088,0.8711211041624375,0.58,0.004568256752599066
42.69999999999971,8.428856154700739,8.285665206408922,0.8945243180418911,RUN,1.6,0.9145925264061775,0.894783716385141,0.58,0.004180520544756195
42.74999999999971,8.44700459718537,8.308284535141667,0.8947333440691292,RUN,1.6,0.88559256989786,0.918642643177824,0.58,0.003829573406525821
42.799999999999706,8.465148509737745,8.330907497695705,0.8949248227394557,RUN,1.6,0.8565926063628956,0.9426883562884342,0.58,0.0035118891585223188
42.8499999999997,8.48328826984816,8.353533789945587,0.8951004171973818,RUN,1.55,0.827592637001215,0.9669118556012651,0.58,0.003224296398533724
42.8999999999997,8.50142421933245,8.37616313669892,0.8952616320173084,RUN,1.55,0.7985926628022495,0.9913046398749631,0.58,0.0029639436138458016
42.9499999999997,8.519556667707008,8.398795288925456,0.8954098291980008,RUN,1.5000000000000002,0.769592684582579,1.015858678650928,0.58,0.0027282680372599207
42.999999999999694,8.53768589522548,8.421430021269344,0.8955462425998642,RUN,1.5000000000000002,0.7405927030168862,1.0405663853874678,0.58,0.002514967911771845
43.04999999999969,8.555812155609289,8.444067129816801,0.8956719909954529,RUN,1.4500000000000002,0.7115927186632788,1.0654205918490347,0.58,0.0023219778764595957
43.09999999999969,8.573935678500675,8.466706430094433,0.895788089889276,RUN,1.4500000000000002,0.6825927319839437,1.0904145237586857,0.58,0.0021474472390140224
43.149999999999686,8.592056671663983,8.489347755275787,0.895895462251227,RUN,1.4000000000000001,0.6535927433622141,1.1155417777052485,0.5592334809842628,0.0019897209587259055
43.19999999999968,8.609526596549358,8.511180229700102,0.8959949482991636,RUN,1.4000000000000001,0.6256310787024353,1.139889922540228,0.5351063067316463,0.0018410609744051465
43.24999999999968,8.626240810582345,8.53207238008045,0.8960870013478841,RUN,1.35,0.5988757710558317,1.1632935705387824,0.5122328868387511,0.0017032085066809213
43.29999999999968,8.642238794023228,8.552072901356809,0.8961721617732179,RUN,1.35,0.5732641330144956,1.185789854071578,0.49032608218394286,0.001575740194480532
43.349999999999675,8.657551017859191,8.571219310107864,0.8962509487829422,RUN,1.3,0.5487478340673902,1.2074059201259448,0.4693567522038718,0.0014578032777504122
43.39999999999967,8.67220700775286,8.589548013337833,0.89632383894683,RUN,1.3,0.525280000686542,1.228169775554079,0.44928416770639623,0.0013486943947574163
43.44999999999967,8.686234986259564,8.607093852651047,0.896391273666568,RUN,1.2500000000000002,0.5028157957663354,1.2481094679245652,0.43007001171877934,0.0012477516223745643
43.499999999999666,8.69966195183332,8.623890195490532,0.896453661247687,RUN,1.2500000000000002,0.4813122980194057,1.2672529281584919,0.4116775709006054,0.001154363905703437
43.54999999999966,8.712513732160176,8.63996899514322,0.8965113794429724,RUN,1.2500000000000002,0.4607284218003633,1.285627818941217,0.394071703812962,0.001067965772304157
43.59999999999966,8.724815036123573,8.655360849809625,0.8965647777315873,RUN,1.2000000000000002,0.44102483851549007,1.3032614158952378,0.3772187717731395,0.0009880340899613416
43.64999999999966,8.736589503277628,8.67009505924247,0.8966141794360851,RUN,1.2000000000000002,0.42216390148822047,1.320180514096657,0.3610865746893476,0.0009140848780693949
43.699999999999655,8.747859751021224,8.684199679116574,0.8966598836799884,RUN,1.2000000000000002,0.4041095740330263,1.3364113554486279,0.345644289535616,0.000845670380440681
43.74999999999965,8.758647419589977,8.6977015732069,0.8967021671990105,RUN,1.1500000000000001,0.38682736060439216,1.351979573176826,0.33086241146096307,0.0007823763530346675
43.79999999999965,8.768973214977734,8.710626463452854,0.8967412860166624,RUN,1.1500000000000001,0.370284240890058,1.366910150395221,0.31671269741758046,0.0007238195527910921
43.849999999999646,8.778856949893566,8.722998977985071,0.896777476994302,RUN,1.1500000000000001,0.3544486067227405,1.3812273902397751,0.30316811219986156,0.0006696454249250436
43.89999999999964,8.788317582852244,8.734842697191311,0.8968109592655482,RUN,1.1500000000000001,0.3392902016891959,1.394954895510943,0.2902027767898998,0.0006195259489117694
43.94999999999964,8.79737325549155,8.746180197893636,0.8968419355629935,RUN,1.1,0.3247800633219444,1.40811555612625,0.2777919189127013,0.0005731576544679467
43.99999999999964,8.806041328203776,8.75703309570838,0.8968705934457173,RUN,1.1,0.3108904677631799,1.420731542978122,0.26591182570588934,0.0005302597856846652
44.049999999999635,8.814338414163728,8.76742208565878,0.8968971064350013,RUN,1.1,0.2975948767948658,1.4328243070326425,0.2545397984129769,0.0004905725994101337
44.09999999999963,8.822280411831002,8.777366981107434,0.896921635064972,RUN,1.1,0.28486788713397604,1.4444145827019788,0.24365410901422846,0.00045385579279351256
44.14999999999963,8.829882535999786,8.786886751073894,0.8969443278546114,RUN,1.1,0.27268518189609153,1.455522394685616,0.23323395871225197,0.000419887048731989
44.199999999999626,8.83715934746516,8.795999556000652,0.8969653222070484,RUN,1.05,0.26102348413486387,1.4661670676094198,0.22325943819338379,0.00038846068688585156
44.24999999999962,8.844124781372216,8.804722782028819,0.8969847452413928,GOAL,1.05,0.24986051236804882,1.476367237903708,0.0,0.0
